Id,Label,Weighted Degree,Weighted In-Degree,Weighted Out-Degree,Authority,Hub,Eccentricity,Closeness Centrality,Betweenness Centrality,Clustering Coefficient,Eigenvector Centrality,Seniority,closnesscentrality,betweenesscentrality,clustering,eigencentrality
0,Ackerman  Gary L.,255.0,0,255,0.0,2.6951273E-5,3.0,1.395683453,0,0.30006176,0,6,1.39568345323741,0.0,0.30006176,0.0
1,Akaka  Daniel K.,206.0,0,206,0.0,2.6951273E-5,3.0,1.527577938,0,0.32273266,0,12,1.5275779376498801,0.0,0.32273266,0.0
2,Alexander  Bill,97.0,0,97,0.0,2.6951273E-5,3.0,1.81686747,0,0.31282216,0,16,1.816867469879518,0.0,0.31282216,0.0
3,Anderson  Glenn M.,187.0,2,185,7.479431E-5,2.6951273E-5,3.0,1.5599022,4.061421386,0.3225519,3.34E-04,16,1.5599022004889975,4.061421385545322,0.3225519,3.339054622950868E-4
4,Andrews  Michael,147.0,3,144,9.972575E-5,2.6951273E-5,3.0,1.673913043,29.00131915,0.31446278,5.01E-04,6,1.673913043478261,29.00131914688361,0.31446278,5.008581934426303E-4
5,Annunzio  Frank,120.0,2,118,7.479431E-5,2.6951273E-5,4.0,1.760290557,1.529771804,0.33683473,3.34E-04,16,1.7602905569007263,1.5297718037937171,0.33683473,3.339054622950868E-4
6,Anthony  Beryl  Jr.,105.0,2,103,7.479431E-5,5.3902546E-5,4.0,1.811138015,7.438598808,0.33205128,3.57E-04,10,1.811138014527845,7.438598807764196,0.33205128,3.565102820657269E-4
7,Applegate  Douglas,187.0,4,183,1.2465719E-4,8.085382E-5,3.0,1.572815534,57.54166977,0.30435282,6.98E-04,12,1.5728155339805825,57.54166976712289,0.30435282,6.984508742084346E-4
8,Archer  Bill,106.0,2,104,7.479431E-5,8.085382E-5,3.0,1.7799511,5.88368419,0.3243486,3.87E-04,16,1.7799511002444988,5.883684189679387,0.3243486,3.8732419832330464E-4
9,Armey  Richard K.,147.0,4,143,1.2465719E-4,1.0780509E-4,3.0,1.666666667,62.06864206,0.27895817,7.37E-04,4,1.6666666666666667,62.06864205566728,0.27895817,7.374763762006972E-4
10,Aspin  Les,109.0,0,109,0.0,2.6951273E-5,4.0,1.75990099,0,0.338685,0,16,1.75990099009901,0.0,0.338685,0.0
11,Atkins  Chester G.,280.0,5,275,1.4958862E-4,1.0780509E-4,3.0,1.325123153,50.08631902,0.29201227,9.03E-04,4,1.3251231527093597,50.08631902083694,0.29201227,9.032522716130281E-4
12,AuCoin  Les,151.0,6,145,1.7452007E-4,1.0780509E-4,3.0,1.660049628,17.89314706,0.32927153,0.001087638,14,1.6600496277915633,17.8931470620458,0.32927153,0.0010876383063093357
13,Badham  Robert E.,186.0,2,184,7.479431E-5,8.085382E-5,3.0,1.555555556,15.18103045,0.29732636,3.81E-04,12,1.5555555555555556,15.18103045298195,0.29732636,3.806423864168348E-4
14,Baker  Richard H.,123.0,1,122,4.9862876E-5,5.3902546E-5,3.0,1.724565757,2.776478608,0.270825,2.06E-04,2,1.7245657568238213,2.7764786079926185,0.270825,2.0613772644987165E-4
15,Ballenger  Cass,154.0,0,154,0.0,2.6951273E-5,3.0,1.640394089,0,0.29301417,0,2,1.6403940886699508,0.0,0.29301417,0.0
16,Barnard  Doug  Jr.,201.0,4,197,1.2465719E-4,8.085382E-5,3.0,1.51980198,26.21800369,0.2892786,7.16E-04,12,1.5198019801980198,26.21800369024593,0.2892786,7.155702224891975E-4
17,Bartlett  Steve,135.0,5,130,1.4958862E-4,1.6170763E-4,4.0,1.709677419,22.29649354,0.31431732,9.76E-04,6,1.7096774193548387,22.29649354149179,0.31431732,9.756440709166546E-4
18,Barton  Joe,106.0,9,97,2.4931438E-4,2.4256145E-4,4.0,1.798507463,28.90279766,0.30440253,0.00173953,4,1.7985074626865671,28.90279765683517,0.30440253,0.0017395299113185116
19,Bateman  Herbert H.,183.0,2,181,7.479431E-5,5.3902546E-5,3.0,1.553884712,14.34248838,0.3079025,3.66E-04,6,1.5538847117794485,14.34248838432731,0.3079025,3.655725065697413E-4
20,Bates  Jim,210.0,13,197,3.4904014E-4,2.6951273E-4,3.0,1.538653367,151.8437985,0.30831623,0.002485618,6,1.5386533665835411,151.84379852110808,0.30831623,0.002485618252265723
21,Beilenson  Anthony C.,135.0,5,130,1.4958862E-4,1.0780509E-4,3.0,1.7,14.99820965,0.35428414,0.001001376,12,1.7,14.998209652307358,0.35428414,0.0010013757814055404
22,Bennett  Charles E.,186.0,11,175,2.9917725E-4,2.4256145E-4,3.0,1.576441103,66.4875464,0.31766927,0.002155175,16,1.5764411027568923,66.48754640186166,0.31766927,0.002155175432757462
23,Bentley  Helen Delich,311.0,12,299,3.241087E-4,2.6951273E-4,3.0,1.251256281,181.4710724,0.26391453,0.002297662,4,1.2512562814070352,181.47107239273245,0.26391453,0.0022976624924329276
24,Bereuter  Doug,180.0,7,173,1.994515E-4,1.886589E-4,3.0,1.572151899,46.51142849,0.28131595,0.001392881,10,1.5721518987341772,46.511428491341995,0.28131595,0.0013928814434429504
25,Berman  Howard L.,227.0,8,219,2.2438295E-4,2.1561018E-4,3.0,1.455470738,41.24124826,0.31909087,0.001657102,6,1.455470737913486,41.24124825569746,0.31909087,0.001657101764937591
26,Bevill  Tom,241.0,0,241,0.0,2.6951273E-5,3.0,1.390862944,0,0.29783887,0,16,1.3908629441624365,0.0,0.29783887,0.0
27,Biaggi  Mario,250.0,17,233,4.487659E-4,4.0426909E-4,3.0,1.423469388,76.87771771,0.30298796,0.003481539,16,1.4234693877551021,76.87771771327317,0.30298796,0.003481538552619927
28,Bilbray  James H.,177.0,6,171,1.7452007E-4,1.3475637E-4,3.0,1.582051282,12.45038417,0.31969056,0.001412599,2,1.582051282051282,12.450384174870356,0.31969056,0.0014125994240012831
29,Bilirakis  Michael,197.0,24,173,6.2328595E-4,5.3902547E-4,3.0,1.575835476,118.4320643,0.30335128,0.004927043,6,1.575835475578406,118.4320643005673,0.30335128,0.004927043223540274
30,None,173.0,0,173,0.0,2.6951273E-5,5.0,1.589147287,0,0.3125756,0,0,1.5891472868217054,0.0,0.3125756,0.0
31,Bliley  Tom,215.0,14,201,3.739716E-4,3.5036655E-4,3.0,1.483204134,90.06852442,0.2928494,0.003028194,8,1.483204134366925,90.06852441849922,0.2928494,0.003028194156818665
32,Boehlert  Sherwood,222.0,17,205,4.487659E-4,3.773178E-4,3.0,1.479057592,76.52854858,0.28292772,0.003642213,6,1.4790575916230366,76.52854858404797,0.28292772,0.0036422130971802977
33,Boggs  Corinne C. (Lindy),96.0,0,96,0.0,2.6951273E-5,5.0,1.793281654,0,0.36129385,0,16,1.79328165374677,0.0,0.36129385,0.0
34,Boland  Edward P.,143.0,0,143,0.0,2.6951273E-5,4.0,1.663212435,0,0.329607,0,16,1.6632124352331605,0.0,0.329607,0.0
35,Boner  William H.,132.0,12,120,3.241087E-4,2.4256145E-4,4.0,1.712435233,33.47013874,0.34738606,0.002550183,10,1.7124352331606219,33.470138738723286,0.34738606,0.002550182945663265
36,Bonior  David E.,214.0,24,190,6.2328595E-4,4.851229E-4,4.0,1.532467532,99.45443178,0.32363653,0.005038456,12,1.5324675324675325,99.45443178249171,0.32363653,0.005038456312377601
37,Bonker  Don,151.0,16,135,4.2383446E-4,4.0426909E-4,4.0,1.684210526,29.4382009,0.34701988,0.003780448,14,1.6842105263157894,29.438200903734955,0.34701988,0.003780447914819959
38,Borski  Robert A.,242.0,24,218,6.2328595E-4,5.3902547E-4,3.0,1.449086162,134.4085767,0.311752,0.005415438,6,1.4490861618798956,134.40857673912348,0.311752,0.005415438261108936
39,Bosco  Douglas H.,157.0,10,147,2.7424583E-4,2.4256145E-4,3.0,1.636125654,31.67440877,0.33435407,0.002305228,6,1.6361256544502618,31.67440877076706,0.33435407,0.0023052277990280967
40,Boucher  Rick,198.0,20,178,5.235602E-4,4.851229E-4,3.0,1.54855643,86.25451387,0.3035174,0.004541254,6,1.5485564304461943,86.25451386934752,0.3035174,0.0045412535931027495
41,Boulter  Beau,149.0,9,140,2.4931438E-4,2.6951273E-4,3.0,1.656992084,44.25007021,0.28292218,0.001832078,4,1.6569920844327177,44.25007021084178,0.28292218,0.001832078419258374
42,Boxer  Barbara,291.0,25,266,6.482174E-4,5.1207416E-4,3.0,1.308707124,170.882809,0.29183552,0.005854009,6,1.3087071240105541,170.88280902162907,0.29183552,0.0058540089886682835
43,Brennan  Joseph E.,160.0,7,153,1.994515E-4,1.886589E-4,3.0,1.609625668,8.190402716,0.350511,0.00198406,2,1.6096256684491979,8.190402716100856,0.350511,0.0019840602801824954
44,Brooks  Jack B.,129.0,34,95,8.7260036E-4,7.815869E-4,3.0,1.785522788,70.26693667,0.33563468,0.008042927,16,1.7855227882037534,70.26693667336274,0.33563468,0.008042926996210955
45,Broomfield  William S.,142.0,21,121,5.4849166E-4,4.851229E-4,4.0,1.721179625,32.10697602,0.32923785,0.005047604,16,1.7211796246648794,32.10697602141524,0.32923785,0.005047603975370047
46,Brown  George E.  Jr.,214.0,19,195,4.9862877E-4,4.5817162E-4,4.0,1.506666667,62.54980159,0.30700716,0.004836618,16,1.5066666666666666,62.54980158549597,0.30700716,0.0048366182650120835
47,Brown  Hank,171.0,27,144,6.980803E-4,5.92928E-4,3.0,1.64171123,85.60446909,0.3007912,0.006049588,8,1.641711229946524,85.60446908971603,0.3007912,0.006049588383663869
48,Bruce  Terry L.,143.0,7,136,1.994515E-4,1.886589E-4,3.0,1.657754011,15.7569037,0.32591352,0.00172132,4,1.6577540106951871,15.756903702239931,0.32591352,0.0017213204145863725
49,Bryant  John W.,249.0,33,216,8.476689E-4,7.2768435E-4,3.0,1.427419355,194.3132119,0.29979596,0.008365783,6,1.4274193548387097,194.3132118811213,0.29979596,0.00836578295304823
50,Buechner  Jack,229.0,25,204,6.482174E-4,5.659767E-4,3.0,1.460916442,116.8910234,0.29071862,0.006003922,2,1.4609164420485174,116.89102340146009,0.29071862,0.006003922044448014
51,Bunning  Jim,124.0,0,124,0.0,2.6951273E-5,3.0,1.683783784,0,0.3198269,0,2,1.6837837837837837,0.0,0.3198269,0.0
52,Burton  Dan,191.0,13,178,3.4904014E-4,2.6951273E-4,3.0,1.527624309,47.88544024,0.2955911,0.002855426,6,1.5276243093922652,47.885440237609465,0.2955911,0.002855426002742207
53,Burton  Sala,17.0,0,17,0.0,2.6951273E-5,5.0,2.17877095,0,0.43014705,0,6,2.17877094972067,0.0,0.43014705,0.0
54,Bustamante  Albert G.,258.0,15,243,3.98903E-4,4.0426909E-4,2.0,1.345013477,111.809447,0.28695744,0.004147727,4,1.3450134770889488,111.80944698220286,0.28695744,0.0041477268009182345
55,Byron  Beverly B.,169.0,23,146,5.983545E-4,5.1207416E-4,3.0,1.624324324,83.92442125,0.32340094,0.005527215,10,1.6243243243243244,83.92442124703129,0.32340094,0.005527215395556522
56,Callahan  Sonny,124.0,0,124,0.0,2.6951273E-5,3.0,1.683923706,0,0.31622082,0,4,1.6839237057220708,0.0,0.31622082,0.0
57,Campbell  Ben Nighthorse,217.0,30,187,7.7287457E-4,6.4683054E-4,3.0,1.502747253,145.3070826,0.2960616,0.007868267,2,1.5027472527472527,145.30708262358522,0.2960616,0.007868267345636407
58,Cardin  Benjamin L.,164.0,2,162,7.479431E-5,5.3902546E-5,4.0,1.585831063,1.449210989,0.33173725,4.31E-04,2,1.5858310626702998,1.4492109889907268,0.33173725,4.3071542505684354E-4
59,Carper  Thomas R.,237.0,53,184,0.0013462977,0.001185856,3.0,1.508196721,263.4088362,0.2932847,0.013410968,6,1.5081967213114753,263.40883622800015,0.2932847,0.013410967612748763
60,Carr  Bob,165.0,37,128,9.4739464E-4,7.815869E-4,4.0,1.669467787,148.7172757,0.32453805,0.009802316,12,1.669467787114846,148.71727566033633,0.32453805,0.009802315651003509
61,Chandler  Rod D.,188.0,27,161,6.980803E-4,6.198793E-4,3.0,1.588888889,88.68646114,0.28768915,0.007082038,6,1.5888888888888888,88.68646113601443,0.28768915,0.007082038400751
62,Chapman  Jim,256.0,27,229,6.980803E-4,6.198793E-4,3.0,1.377410468,277.8003556,0.27444854,0.007354688,4,1.3774104683195592,277.80035558832986,0.27444854,0.007354688382228105
63,Chappell  Bill  Jr.,154.0,34,120,8.7260036E-4,7.815869E-4,4.0,1.69273743,109.3546077,0.3273067,0.009696199,16,1.6927374301675977,109.35460769372887,0.3273067,0.009696199154480134
64,Cheney  Dick,106.0,4,102,1.2465719E-4,1.0780509E-4,3.0,1.753501401,8.195938382,0.30907458,0.001004167,10,1.753501400560224,8.19593838200204,0.30907458,0.0010041674385836794
65,Clarke  James McC.,159.0,8,151,2.2438295E-4,2.4256145E-4,3.0,1.596100279,57.87519844,0.32799935,0.002173805,4,1.5961002785515321,57.8751984361045,0.32799935,0.0021738049284366714
66,Clay  William (Bill),208.0,45,163,0.0011468462,9.971971E-4,3.0,1.556179775,145.0288628,0.32583147,0.012547148,16,1.5561797752808988,145.02886284796134,0.32583147,0.012547147916223923
67,Clement  Bob,71.0,0,71,0.0,2.6951273E-5,4.0,1.852272727,0,0.33682093,0,2,1.8522727272727273,0.0,0.33682093,0.0
68,Clinger  William F.  Jr.,192.0,2,190,7.479431E-5,8.085382E-5,3.0,1.477653631,21.11713203,0.2904123,6.94E-04,10,1.4776536312849162,21.11713203156503,0.2904123,6.936858100145694E-4
69,Coats  Daniel,153.0,30,123,7.7287457E-4,7.007331E-4,3.0,1.685552408,87.35275177,0.30572754,0.008485258,8,1.6855524079320112,87.35275177361774,0.30572754,0.008485257529095855
70,Coble  Howard,139.0,4,135,1.2465719E-4,8.085382E-5,3.0,1.643258427,17.78502647,0.3065895,7.68E-04,4,1.6432584269662922,17.785026465953035,0.3065895,7.680426056317812E-4
71,Coelho  Anthony Lee,264.0,59,205,0.0014958864,0.0013475636,4.0,1.440677966,278.2104646,0.30099955,0.016875519,10,1.4406779661016949,278.21046456717085,0.30099955,0.016875519152384496
72,Coleman  E. Thomas,122.0,15,107,3.98903E-4,3.5036655E-4,4.0,1.735795455,26.38284947,0.31804633,0.004766799,12,1.7357954545454546,26.382849466988546,0.31804633,0.004766798572138702
73,Coleman  Ronald D.,129.0,13,116,3.4904014E-4,3.773178E-4,3.0,1.694050992,22.15126693,0.34641472,0.004674953,6,1.6940509915014164,22.15126693158834,0.34641472,0.0046749529052237705
74,Collins  Cardiss,277.0,36,241,9.2246325E-4,8.354894E-4,4.0,1.321937322,200.7749471,0.29094073,0.010547458,16,1.3219373219373218,200.77494714957723,0.29094073,0.01054745762601866
75,Combest  Larry,107.0,33,74,8.476689E-4,8.0853817E-4,3.0,1.829059829,126.9149462,0.27808148,0.008825778,4,1.829059829059829,126.91494617498307,0.27808148,0.008825777523818185
76,Conte  Silvio O.,217.0,50,167,0.0012715034,0.001185856,4.0,1.547277937,169.5024984,0.30148062,0.014986435,16,1.5472779369627507,169.50249840544956,0.30148062,0.014986434818358242
77,Conyers  John  Jr.,247.0,35,212,8.975318E-4,8.0853817E-4,4.0,1.399425287,198.8626621,0.30129027,0.011717109,16,1.3994252873563218,198.86266207616106,0.30129027,0.011717109032840737
78,Cooper  Jim,121.0,14,107,3.739716E-4,3.2341527E-4,4.0,1.723837209,38.22942715,0.3329201,0.004851729,6,1.7238372093023255,38.22942714686678,0.3329201,0.004851729249595935
79,Costello  Jerry F.,16.0,0,16,0.0,2.6951273E-5,4.0,2.075801749,0,0.375,0,2,2.075801749271137,0.0,0.375,0.0
80,Coughlin  Lawrence,111.0,7,104,1.994515E-4,1.6170763E-4,4.0,1.747093023,9.469856741,0.33890253,0.001694866,16,1.747093023255814,9.469856741462495,0.33890253,0.0016948660934093926
81,Courter  Jim,200.0,48,152,0.0012216405,0.0011319534,3.0,1.583090379,204.4707719,0.30386934,0.013525755,10,1.5830903790087463,204.47077189549958,0.30386934,0.013525755253969875
82,Coyne  William J.,141.0,11,130,2.9917725E-4,2.4256145E-4,4.0,1.649122807,41.23836701,0.3464539,0.003105116,8,1.6491228070175439,41.238367006469396,0.3464539,0.0031051159985587516
83,Craig  Larry E.,168.0,13,155,3.4904014E-4,3.5036655E-4,3.0,1.567251462,39.38869857,0.3043912,0.004347396,8,1.567251461988304,39.38869857156756,0.3043912,0.004347395611084702
84,Crane  Philip M.,123.0,22,101,5.734231E-4,5.1207416E-4,3.0,1.730205279,61.79379713,0.30081302,0.006395748,16,1.7302052785923754,61.79379713212721,0.30081302,0.006395748254085182
85,Crockett  George W.  Jr.,211.0,21,190,5.4849166E-4,5.1207416E-4,4.0,1.463343109,50.67894507,0.3141503,0.007132632,8,1.4633431085043989,50.67894507315167,0.3141503,0.007132632185360092
86,Daniel  W. C. (Dan),137.0,6,131,1.7452007E-4,1.886589E-4,3.0,1.627565982,24.27202388,0.30613998,0.002302493,16,1.6275659824046922,24.27202388166382,0.30613998,0.002302492786507655
87,Dannemeyer  William E.,171.0,25,146,6.482174E-4,6.737818E-4,3.0,1.579411765,95.44038728,0.2865841,0.007300914,10,1.5794117647058823,95.44038727943853,0.2865841,0.0073009140284565595
88,Darden  George (Buddy),219.0,68,151,0.0017202692,0.0016440277,3.0,1.563421829,297.3367622,0.29749486,0.021075937,6,1.5634218289085546,297.33676215838005,0.29749486,0.02107593671975252
89,Daub  Hal,247.0,44,203,0.0011219147,9.971971E-4,3.0,1.40652819,197.1212487,0.27601132,0.01493889,8,1.4065281899109792,197.12124868270544,0.27601132,0.01493889024196583
90,Davis  Jack,201.0,6,195,1.7452007E-4,1.886589E-4,3.0,1.430678466,40.11697039,0.2843781,0.00226149,2,1.4306784660766962,40.11697038576017,0.2843781,0.0022614898541849105
91,Davis  Robert W.,177.0,23,154,5.983545E-4,5.659767E-4,3.0,1.547904192,81.84107535,0.2929186,0.007138267,10,1.5479041916167664,81.84107535169981,0.2929186,0.0071382669617915595
92,de la Garza  E.,246.0,72,174,0.001819995,0.0017518327,4.0,1.489489489,223.5389481,0.30071345,0.023709792,16,1.4894894894894894,223.53894808407006,0.30071345,0.02370979171141705
93,None,247.0,37,210,9.4739464E-4,8.89392E-4,3.0,1.372372372,111.3526969,0.30000657,0.012046286,0,1.3723723723723724,111.35269689011022,0.30000657,0.01204628563553091
94,DeFazio  Peter A.,257.0,39,218,9.972575E-4,9.971971E-4,3.0,1.34939759,145.111006,0.30556905,0.014152289,2,1.3493975903614457,145.11100600492819,0.30556905,0.014152289049165837
95,DeLay  Tom,153.0,36,117,9.2246325E-4,9.1634324E-4,3.0,1.656534954,126.5321292,0.3000086,0.012022526,4,1.656534954407295,126.53212916131552,0.3000086,0.012022525914891353
96,Dellums  Ronald V.,208.0,41,167,0.0010471204,0.0010241483,3.0,1.5,114.4812003,0.32998884,0.014757441,16,1.5,114.48120027334217,0.32998884,0.01475744126323888
97,Derrick  Butler C.,187.0,54,133,0.0013712291,0.0012667098,3.0,1.612804878,239.6864301,0.30515784,0.018229947,14,1.6128048780487805,239.6864300752175,0.30515784,0.01822994684953616
98,DeWine  Mike,221.0,56,165,0.001421092,0.0014014662,3.0,1.5,148.0759896,0.30684903,0.020706901,6,1.5,148.07598963994334,0.30684903,0.020706900621865764
99,Dickinson  William L.,78.0,12,66,3.241087E-4,3.2341527E-4,3.0,1.828746177,49.90902048,0.3151848,0.003529821,16,1.8287461773700306,49.90902048119651,0.3151848,0.003529820645326952
100,Dicks  Norman D.,143.0,35,108,8.975318E-4,8.354894E-4,3.0,1.693251534,30.66608234,0.34925637,0.011784888,12,1.6932515337423313,30.666082340131293,0.34925637,0.01178488800722131
101,Dingell  John D.,178.0,95,83,0.002393418,0.0022908582,3.0,1.787692308,114.7828406,0.2740113,0.033168907,16,1.7876923076923077,114.78284057444576,0.2740113,0.03316890665952312
102,DioGuardi  Joseph J.,253.0,76,177,0.0019197208,0.0018865891,3.0,1.456790123,233.094251,0.2984817,0.027834414,4,1.4567901234567902,233.094250983207,0.2984817,0.027834413512588793
103,Dixon  Julian C.,176.0,40,136,0.0010221889,9.971971E-4,3.0,1.593167702,57.03465546,0.3518831,0.018270328,10,1.593167701863354,57.034655460502144,0.3518831,0.01827032811730273
104,Donnelly  Brian J.,223.0,90,133,0.002268761,0.0021561019,3.0,1.604361371,198.7147404,0.30361977,0.033471304,10,1.604361370716511,198.71474043140176,0.30361977,0.033471304401710034
105,Dorgan  Byron L.,205.0,76,129,0.0019197208,0.0018865891,3.0,1.617088608,214.6891701,0.29012436,0.027935235,8,1.6170886075949367,214.68917008367123,0.29012436,0.027935234564103233
106,Dornan  Robert K.,288.0,87,201,0.0021939666,0.002075248,3.0,1.375,460.7107621,0.2696719,0.031841301,10,1.375,460.710762078135,0.2696719,0.03184130133544284
107,Dowdy  Wayne,164.0,20,144,5.235602E-4,5.659767E-4,3.0,1.559748428,43.50297503,0.32448003,0.007760911,8,1.559748427672956,43.50297502720034,0.32448003,0.007760911343613991
108,Downey  Thomas J.,169.0,59,110,0.0014958864,0.00148232,3.0,1.681528662,94.3372994,0.3164976,0.0246226,14,1.6815286624203822,94.33729939812261,0.3164976,0.02462259986520847
109,Dreier  David,131.0,47,84,0.001196709,0.0011589047,3.0,1.762057878,55.19586242,0.3250734,0.019125364,8,1.7620578778135048,55.195862423917525,0.3250734,0.019125363966348546
110,Duncan  John J.,139.0,50,89,0.0012715034,0.0012128073,4.0,1.748387097,99.86707832,0.3042957,0.020194619,16,1.7483870967741935,99.86707832468096,0.3042957,0.020194618770519708
111,Durbin  Richard,148.0,37,111,9.4739464E-4,9.1634324E-4,3.0,1.662420382,50.32635302,0.33062145,0.014715002,6,1.6624203821656052,50.32635301942072,0.33062145,0.01471500215272428
112,Dwyer  Bernard J.,210.0,19,191,4.9862877E-4,5.1207416E-4,3.0,1.394904459,40.87148941,0.30619732,0.006901909,8,1.394904458598726,40.87148940659548,0.30619732,0.006901908966983791
113,Dymally  Mervyn M.,272.0,91,181,0.0022936924,0.002183053,3.0,1.437699681,336.501414,0.29278815,0.036666331,8,1.4376996805111821,336.5014140343261,0.29278815,0.036666331330910726
114,Dyson  Roy,252.0,88,164,0.002218898,0.002183053,3.0,1.483974359,251.6633502,0.2878486,0.035537873,8,1.483974358974359,251.66335022558047,0.2878486,0.03553787337228635
115,Early  Joseph D.,51.0,0,51,0.0,2.6951273E-5,4.0,1.903536977,0,0.3392157,0,14,1.9035369774919615,0.0,0.3392157,0.0
116,Eckart  Dennis E.,187.0,33,154,8.476689E-4,8.0853817E-4,3.0,1.508038585,111.5932142,0.29851648,0.013573412,8,1.5080385852090032,111.59321422553822,0.29851648,0.013573411805483738
117,Edwards  Don,185.0,64,121,0.0016205435,0.0015631738,3.0,1.641935484,168.3272731,0.30666864,0.027230891,16,1.6419354838709677,168.3272730581831,0.30666864,0.027230890640922836
118,Edwards  Mickey,187.0,40,147,0.0010221889,9.971971E-4,3.0,1.537216828,147.518664,0.28040364,0.015590354,12,1.5372168284789645,147.51866395391178,0.28040364,0.01559035368550089
119,Emerson  Bill,162.0,5,157,1.4958862E-4,1.3475637E-4,3.0,1.511326861,11.68292766,0.29380417,0.001024156,8,1.5113268608414239,11.682927655924685,0.29380417,0.001024156197337606
120,English  Glenn,168.0,51,117,0.0012964348,0.0012667098,3.0,1.652597403,127.3807313,0.29744083,0.024409301,14,1.6525974025974026,127.38073127416399,0.29744083,0.024409301363055903
121,Erdreich  Ben,136.0,6,130,1.7452007E-4,1.3475637E-4,3.0,1.597402597,11.57369239,0.32189542,0.002005622,6,1.5974025974025974,11.573692389588015,0.32189542,0.002005622284275091
122,Espy  Mike,273.0,87,186,0.0021939666,0.002075248,3.0,1.397394137,469.0791829,0.28124326,0.037251813,2,1.3973941368078175,469.0791829283482,0.28124326,0.03725181260808287
123,Evans  Lane,255.0,53,202,0.0013462977,0.0013475636,3.0,1.343137255,271.9830948,0.29027328,0.025350689,6,1.3431372549019607,271.9830947990634,0.29027328,0.025350689341552005
124,Fascell  Dante B.,225.0,81,144,0.0020443778,0.002075248,3.0,1.547540984,223.8813186,0.30698413,0.037493156,16,1.5475409836065575,223.88131855224452,0.30698413,0.037493156388865335
125,None,233.0,48,185,0.0012216405,0.001185856,3.0,1.394736842,129.0112717,0.3053315,0.02518425,0,1.394736842105263,129.01127172127477,0.3053315,0.02518425006253355
126,Fawell  Harris W.,230.0,67,163,0.0016953378,0.0016979302,3.0,1.475247525,241.8729576,0.28120372,0.030563105,4,1.4752475247524752,241.87295757649807,0.28120372,0.03056310532382556
127,Fazio  Vic,299.0,84,215,0.0021191724,0.0020482966,2.0,1.285714286,399.442274,0.27767053,0.039635035,10,1.2857142857142858,399.44227403844974,0.27767053,0.03963503463211022
128,Feighan  Edward F.,242.0,69,173,0.0017452007,0.0018057353,3.0,1.434782609,151.6807136,0.31298652,0.037001197,6,1.434782608695652,151.6807135860569,0.31298652,0.03700119721869418
129,Fields  Jack,124.0,11,113,2.9917725E-4,2.6951273E-4,3.0,1.653333333,25.88143513,0.29884607,0.00420757,8,1.6533333333333333,25.881435126738626,0.29884607,0.00420757002091611
130,Fish  Hamilton  Jr.,302.0,101,201,0.0025430068,0.0024795171,3.0,1.332214765,433.0891916,0.27904776,0.048558618,16,1.332214765100671,433.0891916299766,0.27904776,0.04855861801274536
131,Flake  Floyd H.,156.0,48,108,0.0012216405,0.0012397586,3.0,1.64527027,37.15660932,0.36013234,0.028058469,2,1.6452702702702702,37.15660931570038,0.36013234,0.02805846949109961
132,Flippo  Ronnie G.,207.0,102,105,0.002567938,0.0025873221,3.0,1.682432432,142.9957348,0.29269266,0.047057433,12,1.6824324324324325,142.99573477306768,0.29269266,0.047057433148560944
133,Florio  James J.,258.0,119,139,0.0029917727,0.0029376887,3.0,1.545762712,246.0963026,0.2943776,0.058781892,14,1.5457627118644068,246.09630262059412,0.2943776,0.05878189167215043
134,Foglietta  Thomas M.,212.0,23,189,5.983545E-4,5.659767E-4,3.0,1.366101695,62.10342953,0.2921175,0.012743995,8,1.3661016949152542,62.10342952595952,0.2921175,0.012743994650405639
135,Foley  Thomas S.,204.0,116,88,0.0029169782,0.0028298835,3.0,1.740614334,114.8660875,0.30307642,0.059061778,16,1.7406143344709897,114.86608746178173,0.30307642,0.05906177807555455
136,Ford  Harold E.,173.0,50,123,0.0012715034,0.0012936611,3.0,1.602739726,110.285421,0.331597,0.033591982,14,1.6027397260273972,110.28542103041522,0.331597,0.03359198185847409
137,Ford  William D.,221.0,111,110,0.0027923211,0.0027220785,3.0,1.637323944,209.5994494,0.28971615,0.059858525,16,1.6373239436619718,209.59944936951703,0.28971615,0.05985852451945007
138,Frank  Barney,252.0,65,187,0.0016454749,0.0016440277,3.0,1.368965517,242.541802,0.29007778,0.037551824,8,1.3689655172413793,242.5418019885788,0.29007778,0.03755182387700589
139,Frenzel  Bill,220.0,76,144,0.0019197208,0.0019135403,3.0,1.520689655,214.3392783,0.28001246,0.035099961,16,1.5206896551724138,214.33927829205695,0.28001246,0.03509996113765878
140,Frost  Martin,262.0,81,181,0.0020443778,0.0020482966,3.0,1.380622837,263.1812078,0.29797316,0.045752708,10,1.3806228373702423,263.1812077896143,0.29797316,0.045752707775799324
141,None,150.0,0,150,0.0,2.6951273E-5,3.0,1.496527778,0,0.31270695,0,0,1.4965277777777777,0.0,0.31270695,0.0
142,Gallegly  Elton,120.0,34,86,8.7260036E-4,8.6244073E-4,3.0,1.727915194,51.55899234,0.31561625,0.015130577,2,1.7279151943462898,51.55899234469414,0.31561625,0.015130576517510817
143,Gallo  Dean A.,165.0,42,123,0.0010720518,0.0010510996,3.0,1.588850174,57.77468234,0.32043606,0.022244327,4,1.588850174216028,57.774682342611435,0.32043606,0.02224432696111614
144,Garcia  Robert,286.0,90,196,0.002268761,0.0022639069,3.0,1.321678322,388.8398371,0.281855,0.050884745,12,1.3216783216783217,388.83983713265485,0.281855,0.050884744972298834
145,Gaydos  Joseph M.,102.0,59,43,0.0014958864,0.00148232,3.0,1.918439716,36.3608186,0.32847992,0.037042294,16,1.9184397163120568,36.360818603270054,0.32847992,0.037042293941674506
146,Gejdenson  Sam,227.0,99,128,0.0024931438,0.0024256145,3.0,1.558718861,195.6589533,0.30811664,0.055597683,8,1.5587188612099645,195.65895329532066,0.30811664,0.05559768303557109
147,Gekas  George W.,118.0,39,79,9.972575E-4,0.0010510996,3.0,1.756272401,48.44093112,0.32681444,0.021843827,6,1.7562724014336917,48.44093112051669,0.32681444,0.021843827279914196
148,Gephardt  Richard A.,162.0,93,69,0.0023435552,0.0023447606,3.0,1.807142857,99.2209543,0.3159267,0.05831313,12,1.8071428571428572,99.22095429845784,0.3159267,0.05831313019622046
149,Gibbons  Sam,70.0,17,53,4.487659E-4,4.3122037E-4,3.0,1.888888889,16.91550368,0.3099379,0.01186326,16,1.8888888888888888,16.91550368172238,0.3099379,0.011863259992262253
150,Gilman  Benjamin A.,284.0,118,166,0.0029668412,0.00296464,3.0,1.41218638,367.8217769,0.28239936,0.068353682,16,1.4121863799283154,367.82177693881516,0.28239936,0.06835368220038861
151,Gingrich  Newt,99.0,0,99,0.0,2.6951273E-5,3.0,1.681003584,0,0.3047825,0,10,1.6810035842293907,0.0,0.3047825,0.0
152,Glickman  Dan,204.0,118,86,0.0029668412,0.00296464,3.0,1.726618705,361.2716644,0.26504394,0.068844566,12,1.7266187050359711,361.27166443350524,0.26504394,0.06884456551712093
153,Gonzalez  Henry B.,168.0,53,115,0.0013462977,0.0013475636,3.0,1.612318841,72.65907864,0.3159039,0.028836082,16,1.6123188405797102,72.65907863871325,0.3159039,0.028836081568201482
154,Goodling  William F.,246.0,136,110,0.0034156071,0.0033419577,3.0,1.619047619,344.5924652,0.2809192,0.080369605,16,1.619047619047619,344.59246517246186,0.2809192,0.08036960491469385
155,Gordon  Bart,132.0,12,120,3.241087E-4,2.96464E-4,3.0,1.581818182,31.75291578,0.3084085,0.00681697,4,1.5818181818181818,31.752915776552722,0.3084085,0.006816970146258613
156,Gradison  Willis D.  Jr.,150.0,105,45,0.0026427326,0.0026142735,3.0,1.908424908,68.27877957,0.2809396,0.059007778,14,1.9084249084249085,68.2787795706595,0.2809396,0.059007778144498674
157,Grandy  Fred,130.0,26,104,6.7314884E-4,7.2768435E-4,4.0,1.652985075,56.39062749,0.30322003,0.013695303,2,1.6529850746268657,56.390627490483894,0.30322003,0.013695302951003475
158,Grant  Bill,141.0,24,117,6.2328595E-4,6.198793E-4,3.0,1.604395604,76.0760195,0.30278623,0.015865552,2,1.6043956043956045,76.0760194970451,0.30278623,0.015865551747720728
159,Gray  Kenneth J.,173.0,0,173,0.0,2.6951273E-5,3.0,1.373626374,0,0.28948784,0,6,1.3736263736263736,0.0,0.28948784,0.0
160,Gray  William H.  III,199.0,93,106,0.0023435552,0.0022908582,3.0,1.617647059,173.6443984,0.32579565,0.057080731,10,1.6176470588235294,173.64439835526554,0.32579565,0.0570807311988533
161,Green  S. William,237.0,117,120,0.0029419097,0.0029376887,3.0,1.58302583,400.1902728,0.30306444,0.073940824,12,1.5830258302583027,400.1902728163718,0.30306444,0.0739408238189191
162,Gregg  Judd,165.0,68,97,0.0017202692,0.0018326865,4.0,1.69924812,111.858142,0.30487806,0.046174931,8,1.699248120300752,111.85814200813381,0.30487806,0.04617493093265152
163,Guarini  Frank J.,235.0,132,103,0.0033158814,0.0032880553,3.0,1.660377358,223.7850366,0.2869249,0.081700483,10,1.6603773584905661,223.78503663360607,0.2869249,0.0817004832829649
164,Gunderson  Steve,258.0,112,146,0.0028172527,0.0026951272,3.0,1.469924812,462.2342928,0.26296264,0.067239179,8,1.4699248120300752,462.234292784352,0.26296264,0.06723917857090912
165,Hall  Ralph M.,94.0,5,89,1.4958862E-4,1.6170763E-4,4.0,1.712643678,3.612342895,0.32040724,0.002034416,8,1.7126436781609196,3.6123428953089243,0.32040724,0.002034415715404721
166,Hall  Tony P.,205.0,119,86,0.0029917727,0.00296464,4.0,1.734848485,141.6944698,0.3091583,0.076975428,10,1.7348484848484849,141.69446983414744,0.3091583,0.07697542794758382
167,Hamilton  Lee H.,100.0,19,81,4.9862877E-4,5.3902547E-4,3.0,1.73828125,20.99241564,0.32050505,0.011424003,16,1.73828125,20.992415640194633,0.32050505,0.011424003231797734
168,Hammerschmidt  John P.,185.0,68,117,0.0017202692,0.0016440277,4.0,1.582375479,170.7852311,0.30032316,0.046984141,16,1.582375478927203,170.7852311192693,0.30032316,0.04698414125432649
169,Hansen  James V.,136.0,22,114,5.734231E-4,6.198793E-4,3.0,1.591603053,66.68726186,0.2984205,0.016940901,8,1.5916030534351144,66.68726185882659,0.2984205,0.016940900908596616
170,Harris  Claude,110.0,0,110,0.0,2.6951273E-5,3.0,1.603053435,0,0.3272727,0,2,1.6030534351145038,0.0,0.3272727,0.0
171,Hastert  J. Dennis,165.0,54,111,0.0013712291,0.0014284174,3.0,1.580392157,143.4833444,0.30184776,0.032664688,2,1.580392156862745,143.48334435668124,0.30184776,0.03266468774103447
172,Hatcher  Charles,158.0,34,124,8.7260036E-4,9.1634324E-4,4.0,1.555555556,87.11226954,0.29504958,0.022668017,8,1.5555555555555556,87.11226954371747,0.29504958,0.022668017065217646
173,Hawkins  Augustus F.,228.0,123,105,0.0030914983,0.003072445,4.0,1.646153846,229.4185291,0.30381018,0.087253864,16,1.646153846153846,229.4185290963985,0.30381018,0.08725386373972796
174,Hayes  Charles A.,226.0,69,157,0.0017452007,0.0017248815,3.0,1.409266409,205.547285,0.3088299,0.049219175,6,1.4092664092664093,205.54728496379127,0.3088299,0.049219175399230056
175,Hayes  James A.,119.0,13,106,3.4904014E-4,2.96464E-4,3.0,1.606299213,26.64936627,0.32331577,0.009181116,2,1.6062992125984252,26.649366274274648,0.32331577,0.009181115895370106
176,Hefley  Joel,162.0,114,48,0.0028671154,0.0028568348,3.0,1.861660079,175.3749474,0.26823097,0.076044423,2,1.8616600790513833,175.37494743585665,0.26823097,0.07604442318389987
177,Hefner  W. G. (Bill),192.0,76,116,0.0019197208,0.0018326865,3.0,1.571428571,109.0711425,0.32029888,0.051597169,14,1.5714285714285714,109.07114252239532,0.32029888,0.05159716856896104
178,Henry  Paul B.,178.0,35,143,8.975318E-4,9.1634324E-4,3.0,1.453125,91.7209184,0.29422966,0.027572866,4,1.453125,91.72091840096938,0.29422966,0.027572865859736607
179,Herger  Wally,135.0,51,84,0.0012964348,0.0013475636,3.0,1.686507937,137.7478226,0.27921504,0.027984329,2,1.6865079365079365,137.74782258950287,0.27921504,0.027984329405166854
180,Hertel  Dennis M.,211.0,133,78,0.0033408129,0.003368909,4.0,1.746987952,117.7701871,0.29911983,0.093110271,8,1.7469879518072289,117.7701871436691,0.29911983,0.09311027110075056
181,Hiler  John Patrick,179.0,92,87,0.0023186237,0.0022639069,3.0,1.665322581,181.5659536,0.29053417,0.064600203,8,1.6653225806451613,181.56595361486322,0.29053417,0.06460020284982226
182,Hochbrueckner  George J.,195.0,65,130,0.0016454749,0.001590125,4.0,1.512195122,123.8667402,0.32566747,0.047770246,2,1.5121951219512195,123.86674019478538,0.32566747,0.04777024565042401
183,Holloway  Clyde,147.0,27,120,6.980803E-4,7.2768435E-4,3.0,1.528,112.5993555,0.27099058,0.014726001,2,1.528,112.59935549376326,0.27099058,0.014726001199193272
184,Hopkins  Larry J.,133.0,69,64,0.0017452007,0.0016709788,4.0,1.801619433,82.62631512,0.3210868,0.052501045,10,1.8016194331983806,82.62631512207676,0.3210868,0.05250104465264131
185,Horton  Frank J.,259.0,77,182,0.0019446522,0.0019404916,3.0,1.267206478,291.6080096,0.28049144,0.052270399,16,1.2672064777327936,291.60800964776405,0.28049144,0.05227039932946259
186,Houghton  Amo,129.0,63,66,0.001595612,0.0016440277,3.0,1.774590164,106.3567567,0.30281007,0.043171277,2,1.7745901639344261,106.35675674940535,0.30281007,0.043171276548101996
187,Howard  James J.,260.0,122,138,0.003066567,0.0030993964,4.0,1.465306122,265.6994529,0.29704484,0.093113183,16,1.4653061224489796,265.69945294360997,0.29704484,0.0931131832914882
188,Hoyer  Steny H.,282.0,165,117,0.0041386187,0.0040426906,3.0,1.557377049,314.4622407,0.27609095,0.111994616,8,1.5573770491803278,314.46224068252366,0.27609095,0.11199461606164987
189,Hubbard  Carroll  Jr.,155.0,84,71,0.0021191724,0.0021291506,4.0,1.773662551,57.9597348,0.31093422,0.0612452,14,1.7736625514403292,57.9597348045065,0.31093422,0.06124519992853034
190,Huckaby  Thomas J. (Jerry),107.0,28,79,7.2301173E-4,7.007331E-4,5.0,1.724279835,48.83416374,0.2964204,0.020940272,12,1.7242798353909465,48.8341637397181,0.2964204,0.02094027194655819
191,Hughes  William J.,342.0,176,166,0.004412865,0.004366106,4.0,1.338842975,622.9997363,0.26255766,0.125527351,14,1.3388429752066116,622.9997362708294,0.26255766,0.12552735145630092
192,Hunter  Duncan,168.0,80,88,0.0020194466,0.0021291506,4.0,1.690082645,106.6917898,0.3135158,0.055253721,8,1.6900826446280992,106.69178978712662,0.3135158,0.055253720826008206
193,Hutto  Earl,221.0,118,103,0.0029668412,0.002991591,4.0,1.609958506,258.2904035,0.3000617,0.087299492,10,1.6099585062240664,258.29040350621096,0.3000617,0.08729949162151919
194,Hyde  Henry J.,218.0,94,124,0.0023684867,0.002371712,3.0,1.493723849,346.2819888,0.2785693,0.065530522,14,1.493723849372385,346.2819887765912,0.2785693,0.06553052216028646
195,Inhofe  James M.,143.0,47,96,0.001196709,0.0012397586,3.0,1.621848739,149.6511305,0.2816409,0.035642789,2,1.6218487394957983,149.65113049019365,0.2816409,0.0356427894310217
196,Ireland  Andrew P.,84.0,7,77,1.994515E-4,2.1561018E-4,4.0,1.717299578,25.06380664,0.30866322,0.00569064,12,1.7172995780590716,25.063806640142317,0.30866322,0.005690640281947261
197,Jacobs  Andrew  Jr.,157.0,64,93,0.0016205435,0.0016979302,3.0,1.63559322,158.4126203,0.29572922,0.046801517,14,1.6355932203389831,158.41262026704294,0.29572922,0.04680151657224469
198,Jeffords  James M.,201.0,82,119,0.0020693094,0.0021021992,3.0,1.508547009,203.5921793,0.29614428,0.065806428,14,1.5085470085470085,203.5921792994396,0.29614428,0.06580642754667948
199,Jenkins  Edgar L.,206.0,128,78,0.0032161556,0.0032072014,4.0,1.715517241,115.6520914,0.28628936,0.096569225,12,1.7155172413793103,115.65209135361565,0.28628936,0.09656922522159878
200,Johnson  Nancy L.,292.0,158,134,0.0039640986,0.003934886,3.0,1.441558442,692.9161307,0.26631126,0.123314159,6,1.4415584415584415,692.9161306505148,0.26631126,0.12331415895000761
201,Johnson  Tim,139.0,25,114,6.482174E-4,7.007331E-4,3.0,1.517241379,60.94503883,0.30340946,0.017348801,2,1.5172413793103448,60.94503882774364,0.30340946,0.01734880060049838
202,Jones  Ed,86.0,30,56,7.7287457E-4,7.546356E-4,3.0,1.82173913,48.80757575,0.31874144,0.021154045,16,1.8217391304347825,48.80757574586941,0.31874144,0.021154045374395795
203,Jones  Walter B.,267.0,169,98,0.0042383447,0.004150496,3.0,1.582222222,336.4995899,0.26624146,0.135754196,16,1.5822222222222222,336.4995898763297,0.26624146,0.13575419595714952
204,Jontz  Jim,180.0,54,126,0.0013712291,0.0013745149,3.0,1.460526316,197.3446145,0.2795779,0.044400353,2,1.4605263157894737,197.34461445312303,0.2795779,0.04440035318053661
205,Kanjorski  Paul E.,150.0,53,97,0.0013462977,0.0013475636,3.0,1.607929515,90.33349541,0.33579418,0.042334235,4,1.6079295154185023,90.33349541372569,0.33579418,0.04233423505972612
206,Kaptur  Marcy,254.0,92,162,0.0023186237,0.0023447606,3.0,1.288888889,259.2925366,0.28604776,0.07229618,6,1.288888888888889,259.29253655328563,0.28604776,0.0722961804031816
207,Kasich  John R.,194.0,115,79,0.002892047,0.0029107374,3.0,1.686098655,108.9347289,0.29923615,0.1019197,6,1.6860986547085202,108.93472894397186,0.29923615,0.1019197000080615
208,Kastenmeier  Robert W.,287.0,175,112,0.0043879333,0.004366106,4.0,1.531531532,495.2524338,0.26198193,0.140175928,16,1.5315315315315314,495.25243376044745,0.26198193,0.14017592839685164
209,Kemp  Jack,112.0,56,56,0.001421092,0.0014284174,4.0,1.811926606,86.65292426,0.3133848,0.032133568,16,1.811926605504587,86.65292426315331,0.3133848,0.032133568107823904
210,Kennedy  Joseph P.  II,199.0,90,109,0.002268761,0.0022369556,4.0,1.542986425,128.7891261,0.32518655,0.080252792,2,1.5429864253393666,128.78912605343487,0.32518655,0.08025279197159702
211,Kennelly  Barbara B.,182.0,84,98,0.0021191724,0.0021561019,3.0,1.595454545,136.0944498,0.3207152,0.085707317,8,1.5954545454545455,136.09444982065253,0.3207152,0.08570731744872519
212,Kildee  Dale E.,254.0,144,110,0.0036150585,0.0036384217,3.0,1.520547945,246.2601552,0.29813886,0.124137122,12,1.5205479452054795,246.2601552000628,0.29813886,0.12413712178991486
213,Kleczka  Gerald D.,154.0,69,85,0.0017452007,0.0018057353,4.0,1.660550459,64.37943461,0.3337153,0.065705589,6,1.6605504587155964,64.37943460949491,0.3337153,0.06570558883290611
214,Kolbe  Jim,225.0,130,95,0.0032660183,0.0033958603,3.0,1.580645161,413.6782005,0.2825595,0.119053898,4,1.5806451612903225,413.67820045345144,0.2825595,0.11905389807950388
215,Kolter  Joseph P.,307.0,171,136,0.0042882073,0.0043122037,3.0,1.375586854,774.4154023,0.25479552,0.138829502,6,1.375586854460094,774.4154023420604,0.25479552,0.13882950180127107
216,Konnyu  Ernest L.,116.0,44,72,0.0011219147,0.0011050021,3.0,1.708920188,100.1444877,0.3106447,0.044690883,2,1.7089201877934272,100.14448767502272,0.3106447,0.04469088252924486
217,Kostmayer  Peter H.,174.0,55,119,0.0013961606,0.0014284174,3.0,1.442307692,89.07463456,0.3323035,0.054708871,10,1.4423076923076923,89.0746345605644,0.3323035,0.05470887111851802
218,Kyl  Jon,62.0,17,45,4.487659E-4,4.3122037E-4,3.0,1.832535885,9.793670499,0.33844528,0.010489834,2,1.832535885167464,9.793670498953912,0.33844528,0.010489834391355899
219,LaFalce  John J.,206.0,104,102,0.002617801,0.0026142735,3.0,1.524271845,348.8438762,0.28969926,0.094189243,14,1.5242718446601942,348.84387621159476,0.28969926,0.09418924263417955
220,Lagomarsino  Robert J.,275.0,114,161,0.0028671154,0.0029376887,2.0,1.225961538,705.2016504,0.26285335,0.095408966,16,1.2259615384615385,705.2016504299742,0.26285335,0.09540896639189243
221,Lancaster  H. Martin,208.0,73,135,0.0018449265,0.0018326865,3.0,1.341584158,175.7433114,0.29354793,0.072357803,2,1.3415841584158417,175.74331141541347,0.29354793,0.07235780261800404
222,Lantos  Tom,274.0,168,106,0.004213413,0.0042313496,3.0,1.505,251.1189191,0.2859148,0.154395927,8,1.505,251.11891905094257,0.2859148,0.154395927213993
223,Latta  Delbert L.,53.0,4,49,1.2465719E-4,1.3475637E-4,3.0,1.82,3.979468368,0.32910013,0.004777209,16,1.82,3.979468368234304,0.32910013,0.004777208536073302
224,Leach  James A.,113.0,36,77,9.2246325E-4,9.4329455E-4,3.0,1.641791045,175.216886,0.32411504,0.03343406,12,1.6417910447761195,175.2168859663408,0.32411504,0.0334340597023384
225,Leath  Marvin,180.0,122,58,0.003066567,0.0030993964,3.0,1.748743719,97.81754696,0.2688082,0.089960723,10,1.7487437185929648,97.81754696127805,0.2688082,0.08996072315582816
226,Lehman  Richard H.,232.0,139,93,0.0034904014,0.0035306166,3.0,1.542713568,207.2300392,0.2955292,0.133883982,6,1.5427135678391959,207.23003918214056,0.2955292,0.1338839819152865
227,Lehman  William,129.0,26,103,6.7314884E-4,7.2768435E-4,3.0,1.502512563,33.21452195,0.3243096,0.026219065,16,1.5025125628140703,33.21452194862659,0.3243096,0.026219065146634156
228,Leland  Mickey,275.0,168,107,0.004213413,0.004258301,3.0,1.474747475,322.1354205,0.28566688,0.161326222,10,1.4747474747474747,322.1354204760896,0.28566688,0.16132622187685938
229,Lent  Norman F.,129.0,56,73,0.001421092,0.0014284174,4.0,1.675126904,63.37168243,0.30141714,0.050425023,16,1.6751269035532994,63.37168242733062,0.30141714,0.05042502270807836
230,Levin  Sander M.,246.0,120,126,0.003016704,0.003072445,2.0,1.360406091,231.4820898,0.29759416,0.125781289,6,1.3604060913705585,231.48208976964412,0.29759416,0.1257812890469033
231,Levine  Mel,287.0,190,97,0.004761905,0.0047703753,3.0,1.535714286,253.1933751,0.27744207,0.183023811,6,1.5357142857142858,253.1933750707865,0.27744207,0.18302381134654253
232,Lewis  Jerry,155.0,79,76,0.001994515,0.0019404916,3.0,1.634020619,105.9101552,0.29593632,0.076402165,10,1.634020618556701,105.91015516756522,0.29593632,0.07640216501471031
233,Lewis  John,210.0,91,119,0.0022936924,0.0022908582,2.0,1.383419689,167.3243506,0.29977214,0.089268282,2,1.383419689119171,167.32435057505003,0.29977214,0.08926828231275451
234,Lewis  Thomas F.,236.0,146,90,0.0036649215,0.003665373,3.0,1.557291667,240.4098663,0.2876127,0.152871208,6,1.5572916666666667,240.40986633588514,0.2876127,0.15287120842160223
235,Lightfoot  Jim,154.0,87,67,0.0021939666,0.0022369556,3.0,1.678947368,146.4798124,0.29445717,0.084171523,4,1.6789473684210525,146.47981235445457,0.29445717,0.08417152275142628
236,Lipinski  William O.,255.0,133,122,0.0033408129,0.003449763,3.0,1.363157895,253.2143888,0.29542997,0.140884405,6,1.3631578947368421,253.21438877409946,0.29542997,0.1408844054519705
237,Livingston  Bob,89.0,11,78,2.9917725E-4,2.6951273E-4,3.0,1.615789474,17.60233279,0.28396323,0.007680322,12,1.6157894736842104,17.60233278963131,0.28396323,0.007680322276219381
238,Lloyd  Marilyn,117.0,15,102,3.98903E-4,4.3122037E-4,4.0,1.494680851,25.45238394,0.2897878,0.008828451,14,1.4946808510638299,25.452383944602804,0.2897878,0.008828451427452292
239,Lott  Trent,110.0,39,71,9.972575E-4,0.0010510996,3.0,1.643617021,41.44181107,0.32802334,0.032347082,16,1.6436170212765957,41.44181106539126,0.32802334,0.032347081813275995
240,Lowery  Bill,242.0,187,55,0.0046871104,0.0047164727,3.0,1.759358289,130.962083,0.27277872,0.186227652,8,1.7593582887700534,130.96208297918906,0.27277872,0.1862276520718985
241,Lowry  Mike,200.0,109,91,0.0027424581,0.0027490298,3.0,1.521505376,139.7715404,0.31977388,0.118547573,10,1.521505376344086,139.7715403658599,0.31977388,0.11854757287831512
242,Lujan  Manuel  Jr.,112.0,49,63,0.0012465719,0.0012667098,3.0,1.691891892,103.5731525,0.31941763,0.050546529,16,1.691891891891892,103.57315251991355,0.31941763,0.05054652888545689
243,Luken  Thomas A.,260.0,186,74,0.004662179,0.004743424,3.0,1.637362637,201.8479458,0.27220076,0.187792171,14,1.6373626373626373,201.84794579047957,0.27220076,0.18779217113666577
244,Lukens  Donald E.,82.0,0,82,0.0,2.6951273E-5,3.0,1.594594595,0,0.29223126,0,2,1.5945945945945945,0.0,0.29223126,0.0
245,Lungren  Daniel E.,229.0,146,83,0.0036649215,0.0037192756,4.0,1.602209945,238.8675591,0.27441967,0.152557607,10,1.6022099447513811,238.86755910388092,0.27441967,0.15255760674119434
246,Mack  Connie  III,165.0,95,70,0.002393418,0.0023986632,3.0,1.672131148,102.6303687,0.29257205,0.096626904,6,1.6721311475409837,102.63036873194925,0.29257205,0.09662690443022141
247,MacKay  Buddy,162.0,93,69,0.0023435552,0.0024795171,3.0,1.672222222,103.4886766,0.30453953,0.107181521,6,1.6722222222222223,103.4886765631455,0.30453953,0.107181521464571
248,Madigan  Edward R.,114.0,47,67,0.001196709,0.0012397586,3.0,1.651933702,53.7453642,0.31322777,0.046147938,16,1.6519337016574585,53.74536419948323,0.31322777,0.04614793762871139
249,Manton  Thomas J.,255.0,167,88,0.0041884817,0.0042043985,3.0,1.525139665,219.4885996,0.2927127,0.188224149,4,1.5251396648044693,219.4885995904317,0.2927127,0.18822414920045202
250,Markey  Edward J.,206.0,125,81,0.0031413613,0.00318025,3.0,1.56741573,148.6552193,0.31716788,0.148612769,12,1.5674157303370786,148.65521929838778,0.31716788,0.1486127687370492
251,Marlenee  Ron,99.0,37,62,9.4739464E-4,9.702458E-4,3.0,1.675977654,40.83466366,0.29880437,0.032139595,12,1.675977653631285,40.834663660651685,0.29880437,0.03213959504807686
252,Martin  David O'B.,70.0,0,70,0.0,2.6951273E-5,3.0,1.64,0,0.31656316,0,8,1.64,0.0,0.31656316,0.0
253,Martin  Lynn M.,188.0,108,80,0.0027175269,0.0027490298,3.0,1.56741573,161.0372705,0.2797531,0.098979469,8,1.5674157303370786,161.03727052394225,0.2797531,0.09897946869341837
254,Martinez  Matthew G.,278.0,139,139,0.0034904014,0.0035306166,2.0,1.214689266,527.2372428,0.27834195,0.163680812,8,1.2146892655367232,527.2372428377691,0.27834195,0.1636808122801797
255,Matsui  Robert T.,257.0,161,96,0.004038893,0.004069642,3.0,1.465517241,250.967478,0.2834387,0.178624304,10,1.4655172413793103,250.967478004469,0.2834387,0.17862430364788512
256,Mavroules  Nicholas,179.0,101,78,0.0025430068,0.0026951272,4.0,1.587209302,82.4780305,0.334662,0.126182665,10,1.5872093023255813,82.47803049992382,0.334662,0.12618266477607568
257,Mazzoli  Romano L.,64.0,13,51,3.4904014E-4,3.5036655E-4,4.0,1.761627907,2.832196902,0.3732639,0.015962691,16,1.7616279069767442,2.832196902203225,0.3732639,0.01596269060755762
258,McCandless  Alfred A. (Al),98.0,60,38,0.0015208178,0.001590125,4.0,1.867052023,31.25764698,0.32200715,0.069829291,6,1.8670520231213872,31.257646978759183,0.32200715,0.06982929063746748
259,McCloskey  Frank,247.0,160,87,0.0040139616,0.0040426906,4.0,1.511764706,331.0984781,0.26378328,0.170875451,6,1.511764705882353,331.0984780614835,0.26378328,0.17087545113748315
260,McCollum  Bill,244.0,178,66,0.0044627273,0.004500862,3.0,1.646341463,199.0045985,0.27509615,0.207730522,8,1.646341463414634,199.00459851962074,0.27509615,0.20773052187986882
261,McCrery  James O.,15.0,0,15,0.0,2.6951273E-5,4.0,2.160714286,0,0.36666667,0,2,2.1607142857142856,0.0,0.36666667,0.0
262,McCurdy  Dave,98.0,51,47,0.0012964348,0.0013475636,4.0,1.779761905,42.72422921,0.2952872,0.048971306,8,1.7797619047619047,42.72422921024211,0.2952872,0.04897130617314832
263,McDade  Joseph M.,244.0,163,81,0.0040887557,0.004069642,3.0,1.54491018,262.1240001,0.28437227,0.183003232,16,1.5449101796407185,262.1240001162316,0.28437227,0.18300323231564952
264,McEwen  Bob,213.0,118,95,0.0029668412,0.002991591,3.0,1.443113772,260.4481303,0.27575517,0.125920805,8,1.4431137724550898,260.4481302997936,0.27575517,0.12592080536005756
265,McGrath  Raymond J.,208.0,118,90,0.0029668412,0.0030185424,3.0,1.463855422,194.0002803,0.2946163,0.140979516,8,1.463855421686747,194.00028027685775,0.2946163,0.14097951594907251
266,McHugh  Matthew F.,133.0,65,68,0.0016454749,0.0016979302,3.0,1.619631902,34.33431755,0.35617453,0.09238682,14,1.6196319018404908,34.33431755349596,0.35617453,0.0923868204181791
267,McKinney  Stewart B.,95.0,54,41,0.0013712291,0.0014014662,3.0,1.836363636,52.18559735,0.32396418,0.074760602,16,1.8363636363636364,52.18559735310003,0.32396418,0.0747606019389703
268,McMillan  J. Alex,103.0,63,40,0.001595612,0.0016440277,3.0,1.858895706,45.64803905,0.30068532,0.070092378,4,1.8588957055214723,45.64803905300414,0.30068532,0.07009237829862015
269,McMillen  Thomas,257.0,180,77,0.0045125904,0.0045278138,3.0,1.555555556,257.3128854,0.2735439,0.213090079,2,1.5555555555555556,257.3128853974586,0.2735439,0.21309007864698007
270,Meyers  Jan,134.0,62,72,0.0015706806,0.0016170763,3.0,1.565217391,101.476654,0.2992369,0.069124078,4,1.565217391304348,101.47665402585282,0.2992369,0.06912407810735921
271,Mfume  Kweisi,233.0,148,85,0.0037147843,0.0037192756,3.0,1.48427673,131.4515677,0.2946759,0.163832225,2,1.4842767295597483,131.45156765073222,0.2946759,0.16383222525140326
272,Mica  Daniel Andrew,156.0,114,42,0.0028671154,0.0028568348,3.0,1.805031447,38.34706449,0.31315136,0.131563636,10,1.8050314465408805,38.347064486622855,0.31315136,0.13156363639271043
273,Michel  Robert H.,224.0,188,36,0.004712042,0.0047164727,4.0,1.879746835,135.6587001,0.24241272,0.21129529,16,1.879746835443038,135.65870008518584,0.24241272,0.2112952896963082
274,Miller  Clarence E.,187.0,142,45,0.0035651957,0.0036114706,3.0,1.743421053,361.2184733,0.28684378,0.19839484,16,1.743421052631579,361.21847330533524,0.28684378,0.1983948403577718
275,Miller  George,249.0,185,64,0.0046372474,0.004743424,3.0,1.621794872,152.9921209,0.2978203,0.241181554,14,1.6217948717948718,152.99212087166413,0.2978203,0.24118155449624568
276,Miller  John R.,139.0,63,76,0.001595612,0.0016440277,3.0,1.541935484,49.17798766,0.34667918,0.098471543,4,1.5419354838709678,49.177987656751085,0.34667918,0.09847154337405298
277,Mineta  Norman Y.,244.0,166,78,0.00416355,0.004123545,3.0,1.519480519,156.9763482,0.30343047,0.219316186,14,1.5194805194805194,156.97634824138652,0.30343047,0.2193161860935916
278,Moakley  John Joseph,197.0,133,64,0.0033408129,0.0033958603,3.0,1.62745098,124.5919543,0.3228271,0.173226762,16,1.6274509803921569,124.59195430131217,0.3228271,0.1732267617078855
279,Molinari  Guy,161.0,121,40,0.0030416355,0.0030993964,3.0,1.794701987,38.26817062,0.34083852,0.178244125,8,1.794701986754967,38.26817061589179,0.34083852,0.1782441245375313
280,Mollohan  Alan B.,51.0,1,50,4.9862876E-5,5.3902546E-5,3.0,1.708609272,5.97000844,0.29137254,0.004165501,6,1.7086092715231789,5.970008440267662,0.29137254,0.004165500572451016
281,Montgomery  G. V. (Sonny),269.0,191,78,0.004786836,0.00487818,2.0,1.48,307.6755855,0.25657493,0.233936724,16,1.48,307.67558553572565,0.25657493,0.23393672375690977
282,Moody  Jim,194.0,129,65,0.003241087,0.003261104,3.0,1.604026846,123.5162422,0.32305968,0.181500059,6,1.604026845637584,123.5162422203035,0.32305968,0.18150005903961486
283,Moorhead  Carlos J.,240.0,186,54,0.004662179,0.0047703753,4.0,1.691275168,190.056514,0.2646618,0.241426743,16,1.691275167785235,190.05651402257897,0.2646618,0.24142674327524558
284,Morella  Constance A.,246.0,184,62,0.004612316,0.004689521,3.0,1.628378378,171.8899167,0.28951386,0.249797882,2,1.6283783783783783,171.8899166807672,0.28951386,0.24979788203196462
285,Morrison  Bruce A.,164.0,94,70,0.0023684867,0.0023447606,3.0,1.557823129,83.0191986,0.3512644,0.147522419,6,1.5578231292517006,83.01919860484504,0.3512644,0.14752241850937756
286,Morrison  Sid,247.0,185,62,0.0046372474,0.004743424,3.0,1.589041096,233.1787701,0.2814588,0.269681285,8,1.5890410958904109,233.1787700670261,0.2814588,0.26968128492248766
287,Mrazek  Robert J.,286.0,193,93,0.004836699,0.0049320827,3.0,1.365517241,345.4098967,0.2818059,0.278752824,6,1.3655172413793104,345.4098966921673,0.2818059,0.278752823958289
288,Murphy  Austin J.,149.0,62,87,0.0015706806,0.0015362225,3.0,1.409722222,128.6705472,0.30423546,0.092276785,12,1.4097222222222223,128.67054717142486,0.30423546,0.09227678453812237
289,Murtha  John P.,97.0,45,52,0.0011468462,0.0011050021,3.0,1.661971831,38.23891622,0.30272767,0.064202027,16,1.6619718309859155,38.23891622351628,0.30272767,0.06420202664719646
290,Myers  John T.,141.0,114,27,0.0028671154,0.0028298835,3.0,1.933823529,46.18771997,0.27978724,0.147533395,16,1.9338235294117647,46.1877199703773,0.27978724,0.14753339537376772
291,"Nagle  Dave R ",27.0,2,25,7.479431E-5,8.085382E-5,3.0,1.929078014,0.735595703,0.3190883,0.001812048,2,1.929078014184397,0.7355957026357416,0.3190883,0.0018120483887490676
292,Natcher  William H.,23.0,1,22,4.9862876E-5,5.3902546E-5,3.0,1.934306569,0.026315789,0.3201581,0.002379031,16,1.9343065693430657,0.02631578947368421,0.3201581,0.0023790305365212635
293,Neal  Stephen L.,321.0,229,92,0.005734231,0.0057945233,3.0,1.35,505.7182981,0.25721377,0.323768539,14,1.35,505.71829811282737,0.25721377,0.32376853903811736
294,Nelson  Bill,225.0,183,42,0.004587385,0.004554765,3.0,1.766917293,129.5325767,0.2604762,0.24816553,10,1.7669172932330828,129.53257671174316,0.2604762,0.24816553014515186
295,Nichols  Bill,51.0,0,51,0.0,2.6951273E-5,3.0,1.666666667,0,0.26313725,0,16,1.6666666666666667,0.0,0.26313725,0.0
296,Nielson  Howard C.,248.0,165,83,0.0041386187,0.004150496,3.0,1.408759124,439.7036699,0.2694593,0.24449924,6,1.4087591240875912,439.70366993998437,0.2694593,0.24449924046751134
297,Nowak  Henry,42.0,2,40,7.479431E-5,8.085382E-5,3.0,1.782608696,2.410117215,0.315331,0.003310692,14,1.7826086956521738,2.4101172152028703,0.315331,0.003310691500790081
298,Oakar  Mary Rose,309.0,234,75,0.005858888,0.00592928,3.0,1.451851852,403.6680327,0.26146346,0.324123201,12,1.451851851851852,403.66803267215573,0.26146346,0.3241232009597285
299,Oberstar  James L.,178.0,106,72,0.0026676639,0.0026681758,3.0,1.514705882,255.7558451,0.28673902,0.152926664,14,1.5147058823529411,255.75584512055394,0.28673902,0.1529266635773522
300,Obey  David R.,57.0,26,31,6.7314884E-4,6.737818E-4,3.0,1.857142857,14.34507535,0.33208022,0.041427279,16,1.8571428571428572,14.345075347457225,0.33208022,0.04142727872914472
301,Olin  James R.,220.0,161,59,0.004038893,0.0040426906,3.0,1.575757576,180.2179872,0.2856787,0.241002197,6,1.5757575757575757,180.21798724564403,0.2856787,0.24100219737547376
302,Ortiz  Solomon P.,92.0,48,44,0.0012216405,0.0012128073,3.0,1.689922481,16.27658489,0.31844243,0.04710457,6,1.689922480620155,16.27658489011407,0.31844243,0.047104569756406034
303,Owens  Major R.,190.0,105,85,0.0026427326,0.0026951272,3.0,1.371212121,155.3445876,0.3037037,0.167189927,6,1.371212121212121,155.34458762252638,0.3037037,0.1671899271925347
304,Owens  Wayne,165.0,99,66,0.0024931438,0.0025603708,3.0,1.507692308,95.50158534,0.3285292,0.16888248,4,1.5076923076923077,95.50158533693799,0.3285292,0.16888247979043314
305,Oxley  Michael G.,141.0,93,48,0.0023435552,0.0023447606,4.0,1.723076923,98.29099171,0.27107397,0.118465936,8,1.7230769230769232,98.29099171207528,0.27107397,0.1184659360794019
306,Packard  Ron,253.0,199,54,0.0049862876,0.0050129364,3.0,1.625,234.9555616,0.2553799,0.286698092,6,1.625,234.95556164821602,0.2553799,0.28669809229522497
307,Panetta  Leon,339.0,279,60,0.006980803,0.0070612333,3.0,1.57480315,437.3450584,0.24686252,0.410546058,12,1.5748031496062993,437.34505840123245,0.24686252,0.4105460583887133
308,Parris  Stanford E. (Stan),172.0,123,49,0.0030914983,0.0032072014,4.0,1.675,118.2937294,0.29678363,0.195047035,10,1.675,118.29372939708223,0.29678363,0.19504703547032312
309,Pashayan  Charles  Jr.,141.0,96,45,0.0024183495,0.0024795171,3.0,1.664,72.91334116,0.29696047,0.161564962,10,1.664,72.91334115756426,0.29696047,0.1615649624870644
310,Patterson  Elizabeth,221.0,163,58,0.0040887557,0.004123545,3.0,1.557377049,423.3975674,0.29169065,0.25935976,2,1.5573770491803278,423.39756736920936,0.29169065,0.2593597595210646
311,Payne  Lewis F.,12.0,0,12,0.0,2.6951273E-5,4.0,2.151515152,0,0.2651515,0,2,2.1515151515151514,0.0,0.2651515,0.0
312,Pease  Donald J.,81.0,49,32,0.0012465719,0.0012667098,3.0,1.81512605,11.62283109,0.3449074,0.0635683,12,1.815126050420168,11.622831087574674,0.3449074,0.06356830011125669
313,Pelosi  Nancy,197.0,133,64,0.0033408129,0.003368909,3.0,1.525,191.45758,0.31337407,0.215881419,2,1.525,191.4575800210573,0.31337407,0.21588141852111709
314,Penny  Timothy J.,137.0,76,61,0.0019197208,0.001967443,3.0,1.508333333,164.4447878,0.298304,0.119769618,6,1.5083333333333333,164.4447878240704,0.298304,0.11976961778060952
315,Pepper  Claude,338.0,277,61,0.00693094,0.006953428,3.0,1.508474576,281.8970333,0.25052238,0.423682496,16,1.5084745762711864,281.8970332963231,0.25052238,0.4236824961419955
316,Perkins  Carl C.,53.0,1,52,4.9862876E-5,5.3902546E-5,3.0,1.593220339,0.46563661,0.29354137,0.00341245,4,1.5932203389830508,0.46563661022298297,0.29354137,0.003412450111190661
317,Petri  Thomas E.,161.0,118,43,0.0029668412,0.0029107374,3.0,1.677966102,138.3335988,0.2724767,0.167902544,10,1.6779661016949152,138.33359876171878,0.2724767,0.16790254372658406
318,Pickett  Owen B.,56.0,31,25,7.97806E-4,8.354894E-4,4.0,1.94017094,6.068780303,0.3577922,0.054026787,2,1.9401709401709402,6.0687803032265375,0.3577922,0.05402678687510795
319,Pickle  J. J.,262.0,233,29,0.0058339564,0.006010134,4.0,1.888888889,99.04280264,0.24300255,0.356284198,16,1.8888888888888888,99.0428026363396,0.24300255,0.35628419769333053
320,Porter  John Edward,325.0,263,62,0.0065818997,0.006764769,3.0,1.495652174,533.530421,0.2500665,0.436433096,10,1.4956521739130435,533.530420991717,0.2500665,0.43643309627116456
321,Price  David E.,223.0,185,38,0.0046372474,0.004635619,4.0,1.801801802,143.5102387,0.27008846,0.309006493,2,1.8018018018018018,143.51023865062888,0.27008846,0.3090064926394408
322,Price  Melvin,37.0,0,37,0.0,2.6951273E-5,3.0,1.752212389,0,0.2777778,0,16,1.752212389380531,0.0,0.2777778,0.0
323,Pursell  Carl D.,115.0,74,41,0.0018698579,0.0019404916,3.0,1.692982456,40.83503228,0.3204424,0.143079388,12,1.6929824561403508,40.83503228119824,0.3204424,0.14307938817968488
324,Quillen  James H. (Jimmy),217.0,172,45,0.004313139,0.00444696,3.0,1.654867257,164.2128944,0.26277947,0.291857432,16,1.654867256637168,164.21289439415136,0.26277947,0.29185743188545266
325,Rahall  Nick J.  II,216.0,150,66,0.0037646473,0.0039887885,2.0,1.410714286,251.1299716,0.2930017,0.269709193,12,1.4107142857142858,251.1299715695147,0.2930017,0.26970919306649327
326,Rangel  Charles B.,339.0,280,59,0.0070057344,0.007034282,3.0,1.527272727,442.7754506,0.24266464,0.448386805,16,1.5272727272727273,442.77545064515056,0.24266464,0.4483868053298243
327,Ravenel  Arthur  Jr.,56.0,2,54,7.479431E-5,8.085382E-5,3.0,1.536363636,4.858849448,0.28344154,0.005931595,2,1.5363636363636364,4.85884944817381,0.28344154,0.00593159511756847
328,Ray  Richard B.,229.0,200,29,0.005011219,0.0050129364,4.0,1.828282828,139.59781,0.23592278,0.319661491,6,1.8282828282828283,139.59781002711455,0.23592278,0.31966149093699214
329,Regula  Ralph,160.0,126,34,0.0031662928,0.0032880553,3.0,1.703703704,154.6411561,0.31100628,0.233266629,16,1.7037037037037037,154.64115613180232,0.31100628,0.23326662882864393
330,Rhodes  John J.  III,35.0,0,35,0.0,2.6951273E-5,3.0,1.731481481,0,0.31512606,0,2,1.7314814814814814,0.0,0.31512606,0.0
331,Richardson  Bill,298.0,233,65,0.0058339564,0.0059023285,3.0,1.429906542,680.1924075,0.2537116,0.36177628,6,1.4299065420560748,680.1924075354556,0.2537116,0.36177627956854413
332,Ridge  Thomas J.,264.0,228,36,0.0057092994,0.0057136696,3.0,1.704081633,176.2835224,0.24758036,0.382688677,6,1.7040816326530612,176.28352239911925,0.24758036,0.3826886770028666
333,Rinaldo  Matthew J.,103.0,50,53,0.0012715034,0.0013745149,3.0,1.5,119.8910558,0.297925,0.09778734,16,1.5,119.89105580448239,0.297925,0.0977873396979805
334,Ritter  Don,253.0,210,43,0.0052605337,0.0053902543,3.0,1.577319588,163.0045263,0.27366835,0.37988959,10,1.577319587628866,163.00452627052778,0.27366835,0.37988959030427083
335,Roberts  Pat,81.0,43,38,0.0010969833,0.0011589047,3.0,1.618556701,39.38838291,0.29722223,0.070109016,8,1.6185567010309279,39.388382910185555,0.29722223,0.07010901633014624
336,Robinson  Tommy F.,113.0,59,54,0.0014958864,0.00148232,2.0,1.443298969,44.93809725,0.30783817,0.083357755,4,1.443298969072165,44.938097251927246,0.30783817,0.08335775485017405
337,Rodino  Peter W.  Jr.,194.0,144,50,0.0036150585,0.0035845193,3.0,1.551020408,143.2022297,0.3060734,0.25825973,16,1.5510204081632653,143.20222972033702,0.3060734,0.25825972994180957
338,Roe  Robert A.,357.0,289,68,0.007230117,0.007330746,3.0,1.302083333,516.9021662,0.23721398,0.492990961,16,1.3020833333333333,516.9021661542837,0.23721398,0.4929909610954381
339,Roemer  Buddy,136.0,114,22,0.0028671154,0.0029107374,3.0,1.827956989,23.24276271,0.3167756,0.214941518,8,1.8279569892473118,23.242762714405266,0.3167756,0.21494151783301854
340,Rogers  Harold,21.0,0,21,0.0,2.6951273E-5,3.0,1.89010989,0,0.32142857,0,8,1.89010989010989,0.0,0.32142857,0.0
341,Rose  Charlie,191.0,156,35,0.0039142356,0.003961837,3.0,1.630434783,144.3493475,0.28487188,0.314290024,16,1.6304347826086956,144.34934745359786,0.28487188,0.3142900244080811
342,Rostenkowski  Dan,63.0,58,5,0.0014709549,0.0015631738,3.0,2.252873563,11.66871199,0.281106,0.135586346,16,2.2528735632183907,11.66871199048878,0.281106,0.13558634556431018
343,Roth  Toby,257.0,226,31,0.0056594363,0.0055789133,3.0,1.719101124,190.4979895,0.24899684,0.39534027,10,1.7191011235955056,190.49798948090665,0.24899684,0.3953402697567587
344,Roukema  Marge,216.0,181,35,0.004537522,0.004554765,3.0,1.666666667,151.8841363,0.26528853,0.306657256,8,1.6666666666666667,151.8841363061895,0.26528853,0.3066572558806924
345,Rowland  J. Roy,157.0,118,39,0.0029668412,0.0029376887,3.0,1.568181818,88.55304925,0.28691,0.205642932,6,1.5681818181818181,88.55304925494326,0.28691,0.20564293218172927
346,Rowland  John G.,77.0,38,39,9.723261E-4,9.971971E-4,3.0,1.626373626,53.10968338,0.29750514,0.056855312,4,1.6263736263736264,53.10968337690715,0.29750514,0.0568553124850919
347,Roybal  Edward R.,218.0,197,21,0.004936425,0.0049859853,3.0,1.909090909,40.89068716,0.27618062,0.377586422,16,1.9090909090909092,40.89068715916384,0.27618062,0.3775864215933912
348,Russo  Martin A.,290.0,265,25,0.0066317627,0.0067917206,3.0,1.755813953,174.3628005,0.24340771,0.491363541,14,1.755813953488372,174.36280046640218,0.24340771,0.4913635405856829
349,Sabo  Martin Olav,53.0,12,41,3.241087E-4,3.5036655E-4,3.0,1.55952381,1.960130454,0.35595065,0.018549859,10,1.5595238095238095,1.9601304539256965,0.35595065,0.018549858765301318
350,Saiki  Patricia,94.0,54,40,0.0013712291,0.0012936611,3.0,1.564705882,45.48291418,0.28345916,0.085441032,2,1.5647058823529412,45.48291418212421,0.28345916,0.08544103228158247
351,Savage  Gus,82.0,46,36,0.0011717776,0.0011589047,3.0,1.6,84.83336211,0.30186692,0.089767367,8,1.6,84.83336211432443,0.30186692,0.08976736662935618
352,Sawyer  Thomas C.,64.0,27,37,6.980803E-4,7.546356E-4,3.0,1.614457831,5.696165194,0.36309522,0.051308121,2,1.6144578313253013,5.6961651940654665,0.36309522,0.051308121214908416
353,Saxton  Jim,198.0,156,42,0.0039142356,0.003961837,3.0,1.55952381,122.8472827,0.2832641,0.290641195,4,1.5595238095238095,122.84728271027363,0.2832641,0.2906411949659606
354,Schaefer  Dan,41.0,12,29,3.241087E-4,2.96464E-4,3.0,1.738095238,3.194923646,0.35182926,0.015320001,6,1.7380952380952381,3.194923646394673,0.35182926,0.015320001390106173
355,Scheuer  James H.,288.0,240,48,0.0060084765,0.006037085,3.0,1.445783133,202.3167039,0.26270324,0.443854192,14,1.4457831325301205,202.31670391741645,0.26270324,0.443854192336934
356,Schneider  Claudine,241.0,212,29,0.005310396,0.0055250106,3.0,1.705128205,124.3372988,0.2409751,0.385851005,8,1.705128205128205,124.33729884419428,0.2409751,0.38585100464905026
357,Schroeder  Patricia,223.0,200,23,0.005011219,0.0051476927,3.0,1.773333333,96.25076847,0.2835616,0.403838982,16,1.7733333333333334,96.25076847139815,0.2835616,0.4038389820820635
358,Schuette  Bill,257.0,214,43,0.005360259,0.0055250106,3.0,1.461538462,479.0461708,0.2476441,0.408955423,4,1.4615384615384615,479.04617077062755,0.2476441,0.4089554233629496
359,Schulze  Richard T.,316.0,296,20,0.007404637,0.0075733075,3.0,1.808823529,192.0688931,0.22935504,0.56089665,14,1.8088235294117647,192.06889314736208,0.22935504,0.5608966497463611
360,Schumer  Charles E.,204.0,174,30,0.004363002,0.004500862,3.0,1.666666667,61.70816427,0.3110451,0.398681219,8,1.6666666666666667,61.708164265368474,0.3110451,0.3986812191246503
361,Sensenbrenner   James  Jr.,100.0,78,22,0.0019695836,0.0019943942,4.0,1.826666667,43.45026049,0.26161617,0.142703536,10,1.8266666666666667,43.450260493344466,0.26161617,0.1427035357439134
362,Sharp  Philip R.,115.0,95,20,0.002393418,0.0025064682,3.0,1.8125,30.07101573,0.3112128,0.198321476,14,1.8125,30.071015732597502,0.3112128,0.19832147625729699
363,Shaw  E. Clay  Jr.,243.0,212,31,0.005310396,0.005417206,4.0,1.676056338,192.1260178,0.24021359,0.388148692,8,1.676056338028169,192.12601784873806,0.24021359,0.38814869197775825
364,Shays  Christopher,38.0,14,24,3.739716E-4,4.0426909E-4,3.0,1.76056338,3.907340374,0.36201993,0.02713413,2,1.7605633802816902,3.9073403741454196,0.36201993,0.027134130339216633
365,Shumway  Norman D.,278.0,249,29,0.0062328596,0.0062796464,3.0,1.611940299,309.5897056,0.23318963,0.459902403,10,1.6119402985074627,309.589705555872,0.23318963,0.4599024027399652
366,Shuster  Bud,80.0,66,14,0.0016704064,0.0017248815,3.0,1.918032787,4.422725328,0.30316457,0.127280518,16,1.9180327868852458,4.4227253280334375,0.30316457,0.12728051804312907
367,Sikorski  Gerry E.,198.0,161,37,0.004038893,0.0039887885,3.0,1.571428571,103.2841581,0.28334102,0.316664435,6,1.5714285714285714,103.28415806968833,0.28334102,0.31666443532291916
368,Sisisky  Norman,96.0,79,17,0.001994515,0.0020213453,3.0,1.884057971,22.74621407,0.2855263,0.151699229,6,1.8840579710144927,22.74621406790006,0.2855263,0.1516992288714319
369,Skaggs  David E.,187.0,163,24,0.0040887557,0.004150496,3.0,1.764705882,72.89273876,0.27830487,0.317070281,2,1.7647058823529411,72.8927387646453,0.27830487,0.31707028148492733
370,Skeen  Joe,28.0,2,26,7.479431E-5,8.085382E-5,3.0,1.676470588,1.080837184,0.32407406,0.008387918,8,1.6764705882352942,1.0808371842172844,0.32407406,0.008387918119560994
371,Skelton  Ike,232.0,202,30,0.005061082,0.0052015954,3.0,1.621212121,502.7401674,0.2521645,0.361241632,12,1.621212121212121,502.7401673965701,0.2521645,0.36124163201087617
372,Slattery  Jim,182.0,160,22,0.0040139616,0.004150496,4.0,1.758064516,104.7717444,0.2446421,0.324418246,6,1.7580645161290323,104.77174443494538,0.2446421,0.32441824644861905
373,Slaughter  D. French  Jr.,64.0,48,16,0.0012216405,0.0012936611,3.0,1.859375,16.03400049,0.32787699,0.088824037,4,1.859375,16.034000492392167,0.32787699,0.08882403705065614
374,Slaughter  Louise McIntosh,168.0,141,27,0.0035402642,0.003665373,3.0,1.650793651,42.49968421,0.3008982,0.299634264,2,1.6507936507936507,42.499684205632136,0.3008982,0.29963426380769415
375,Smith  Bob,255.0,227,28,0.005684368,0.005821475,3.0,1.571428571,146.5521204,0.24298286,0.436467881,4,1.5714285714285714,146.5521204439767,0.24298286,0.4364678810609417
376,Smith  Christopher H.,353.0,327,26,0.008177511,0.008381845,3.0,1.633333333,200.4542775,0.2369302,0.66868655,8,1.6333333333333333,200.45427748548815,0.2369302,0.6686865502481104
377,Smith  Denny,205.0,182,23,0.0045624534,0.0046086675,3.0,1.655737705,113.7981864,0.2762793,0.402374132,8,1.6557377049180328,113.79818636257959,0.2762793,0.40237413219667434
378,Smith  Lamar,90.0,75,15,0.0018947893,0.0019404916,3.0,1.793103448,12.47797987,0.2554307,0.125911656,2,1.793103448275862,12.477979872798947,0.2554307,0.1259116563078441
379,Smith  Lawrence,339.0,302,37,0.007554226,0.007654161,2.0,1.350877193,332.339972,0.24246392,0.644247389,6,1.3508771929824561,332.3399719810652,0.24246392,0.6442473891353786
380,Smith  Neal Edward,34.0,24,10,6.2328595E-4,5.92928E-4,4.0,2.075471698,7.977435511,0.21390374,0.039359416,16,2.0754716981132075,7.977435511107245,0.21390374,0.03935941608364926
381,Smith  Robert,79.0,59,20,0.0014958864,0.0015631738,3.0,1.678571429,34.01110477,0.2870821,0.105301645,6,1.6785714285714286,34.01110476983185,0.2870821,0.10530164496982124
382,Smith  Virginia,126.0,110,16,0.0027673896,0.0027490298,3.0,1.727272727,57.39691102,0.24171428,0.183901044,14,1.7272727272727273,57.39691101691106,0.24171428,0.18390104374021896
383,Snowe  Olympia J.,331.0,305,26,0.00762902,0.007735015,3.0,1.547169811,181.3711136,0.24557357,0.667318398,10,1.5471698113207548,181.37111356534297,0.24557357,0.6673183984149703
384,Solarz  Stephen J.,368.0,339,29,0.008476689,0.008543553,3.0,1.5,312.0191025,0.22630613,0.713280211,14,1.5,312.01910248014934,0.22630613,0.7132802107107634
385,Solomon  Gerald B. H.,346.0,315,31,0.007878334,0.008004528,3.0,1.411764706,305.2875305,0.2289855,0.686153815,10,1.411764705882353,305.2875304685776,0.2289855,0.6861538149251892
386,Spence  Floyd,250.0,227,23,0.005684368,0.005821475,4.0,1.612244898,198.292307,0.26526907,0.503628925,16,1.6122448979591837,198.2923070185497,0.26526907,0.5036289250292494
387,Spratt  John M.  Jr.,33.0,14,19,3.739716E-4,3.773178E-4,3.0,1.723404255,5.48849976,0.33333334,0.045973153,6,1.7234042553191489,5.488499760102425,0.33333334,0.04597315263330701
388,St Germain  Fernand J.,160.0,146,14,0.0036649215,0.0037731782,4.0,2,18.64624143,0.3071934,0.375515307,16,2.0,18.646241425949327,0.3071934,0.3755153065000609
389,Staggers  Harley O.  Jr.,277.0,256,21,0.0064073796,0.006549159,3.0,1.586956522,170.6394968,0.23825407,0.563943121,6,1.5869565217391304,170.63949681777856,0.23825407,0.5639431207219194
390,Stallings  Richard H.,66.0,46,20,0.0011717776,0.0012397586,3.0,1.630434783,51.41596621,0.2808858,0.108453219,4,1.6304347826086956,51.415966205708045,0.2808858,0.10845321910400459
391,Stangeland  Arlan,269.0,248,21,0.006207928,0.0063605,3.0,1.577777778,521.8227874,0.22826388,0.524114615,12,1.5777777777777777,521.8227873711909,0.22826388,0.5241146146553031
392,Stark  Fortney Pete,190.0,172,18,0.004313139,0.0045278138,3.0,1.658536585,59.73895945,0.29810637,0.435392771,16,1.6585365853658536,59.738959448248984,0.29810637,0.43539277061833453
393,Stenholm  Charles W.,274.0,260,14,0.0065071057,0.0066300128,4.0,1.829268293,111.00055,0.21885778,0.57620624,10,1.829268292682927,111.00054998560053,0.21885778,0.5762062401581499
394,Stokes  Louis,268.0,246,22,0.0061580655,0.006333549,3.0,1.525,128.5942153,0.2652887,0.585361145,16,1.525,128.59421528634965,0.2652887,0.5853611446338076
395,Stratton  Samuel S.,145.0,132,13,0.0033158814,0.0033150064,4.0,2,37.15494454,0.27346742,0.313646517,16,2.0,37.15494454263714,0.27346742,0.31364651651423725
396,Studds  Gerry E.,179.0,165,14,0.0041386187,0.0042313496,3.0,1.666666667,35.33154999,0.30754504,0.410132137,16,1.6666666666666667,35.33154999378775,0.30754504,0.4101321369646357
397,Stump  Bob,66.0,51,15,0.0012964348,0.0012397586,4.0,1.916666667,9.531940269,0.31724942,0.115748495,12,1.9166666666666667,9.531940269060703,0.31724942,0.11574849549196409
398,Sundquist  Don,210.0,194,16,0.0048616305,0.004851229,4.0,1.714285714,80.39566911,0.22690818,0.390968936,6,1.7142857142857142,80.39566910796607,0.22690818,0.3909689360728569
399,None,27.0,10,17,2.7424583E-4,2.4256145E-4,4.0,1.714285714,1.806323309,0.33903134,0.024761262,0,1.7142857142857142,1.8063233086793768,0.33903134,0.024761261622858577
400,Sweeney  David McCann,23.0,14,9,3.739716E-4,3.773178E-4,4.0,1.941176471,5.174905794,0.27865613,0.025799135,4,1.9411764705882353,5.174905794330669,0.27865613,0.025799134858858385
401,Swift  Al,169.0,155,14,0.0038893044,0.004123545,3.0,1.742857143,30.24141958,0.29909834,0.401349706,10,1.7428571428571429,30.241419575488926,0.29909834,0.40134970586578067
402,Swindall  Patrick L.,58.0,43,15,0.0010969833,0.0011589047,4.0,1.722222222,36.0018782,0.31215972,0.103882283,4,1.7222222222222223,36.001878197645375,0.31215972,0.10388228275486139
403,Synar  Mike,150.0,134,16,0.0033657441,0.003476714,3.0,1.676470588,57.50981939,0.24841164,0.299258514,10,1.6764705882352942,57.509819389442676,0.24841164,0.2992585137991165
404,Tallon  Robert M. (Robin),208.0,189,19,0.0047369734,0.0048242775,3.0,1.454545455,293.1851557,0.24521554,0.461396497,6,1.4545454545454546,293.1851557057372,0.24521554,0.46139649693869744
405,Tauke  Thomas Joseph,301.0,291,10,0.00727998,0.007438551,5.0,1.875,53.08494618,0.21557032,0.699905631,10,1.875,53.084946182265604,0.21557032,0.6999056312383857
406,Tauzin  W. J. (Billy),336.0,325,11,0.008127649,0.00824709,4.0,1.652173913,88.31909762,0.22810945,0.764342611,10,1.6521739130434783,88.31909762033823,0.22810945,0.7643426112811237
407,Taylor  G.,7.0,0,7,0.0,2.6951273E-5,3.0,1.6875,0,0.42857143,0,16,1.6875,0.0,0.42857143,0.0
408,Thomas  Lindsay,28.0,17,11,4.487659E-4,4.5817162E-4,3.0,1.565217391,4.091971121,0.3121693,0.030499678,6,1.565217391304348,4.091971121064195,0.3121693,0.030499678397045985
409,Thomas  William M.,27.0,20,7,5.235602E-4,5.659767E-4,4.0,1.933333333,5.705145758,0.3233618,0.064972356,10,1.9333333333333333,5.705145758013985,0.3233618,0.06497235593576138
410,Torres  Estaban Edward,184.0,172,12,0.004313139,0.0044200085,3.0,1.689655172,44.5867729,0.30081373,0.442953038,6,1.6896551724137931,44.58677289555704,0.30081373,0.4429530383512985
411,Torricelli  Robert G.,151.0,139,12,0.0034904014,0.003665373,4.0,1.740740741,15.31522916,0.3199117,0.402993501,6,1.7407407407407407,15.315229164739703,0.3199117,0.4029935013608645
412,Towns  Edolphus,84.0,63,21,0.001595612,0.0016709788,3.0,1.285714286,50.11547723,0.31196213,0.168421715,6,1.2857142857142858,50.11547723005895,0.31196213,0.16842171489965105
413,Traficant  James A.  Jr.,228.0,210,18,0.0052605337,0.0054980596,3.0,1.346153846,93.83485511,0.27420977,0.54504703,4,1.3461538461538463,93.83485511113166,0.27420977,0.5450470297265682
414,Traxler  Bob,133.0,116,17,0.0029169782,0.002883786,3.0,1.36,87.26478549,0.28953063,0.286853103,16,1.36,87.26478548904217,0.28953063,0.2868531025293457
415,Udall  Morris K.,342.0,331,11,0.008277237,0.0084357485,3.0,1.545454545,112.6349727,0.2216563,0.80552193,16,1.5454545454545454,112.63497271985098,0.2216563,0.8055219295992043
416,Upton  Fred,54.0,45,9,0.0011468462,0.001185856,3.0,1.6,12.47143933,0.28860936,0.109873248,2,1.6,12.471439334868471,0.28860936,0.10987324829427728
417,Valentine  Tim,153.0,142,11,0.0035651957,0.0036384217,2.0,1.352941176,33.85897089,0.31527346,0.403403572,6,1.3529411764705883,33.85897088504036,0.31527346,0.40340357205006894
418,Vander Jagt  Guy,81.0,69,12,0.0017452007,0.0018057353,2.0,1.368421053,40.63194651,0.25987655,0.168446987,16,1.368421052631579,40.63194650983141,0.25987655,0.16844698714086254
419,Vento  Bruce F.,247.0,233,14,0.0058339564,0.006010134,3.0,1.277777778,186.7499028,0.26067278,0.631207672,12,1.2777777777777777,186.7499028379114,0.26067278,0.6312076720595453
420,Visclosky  Peter J.,212.0,208,4,0.0052106706,0.0053633032,2.0,1.5,14.19700203,0.28263882,0.533281211,4,1.5,14.197002025630459,0.28263882,0.5332812107477136
421,Volkmer  Harold L.,30.0,20,10,5.235602E-4,5.659767E-4,3.0,1.4375,42.91656345,0.27126437,0.047555377,12,1.4375,42.916563446774575,0.27126437,0.04755537684792918
422,Vucanovich  Barbara F.,313.0,301,12,0.0075292946,0.007708064,2.0,1.2,128.7946762,0.22951995,0.71871516,6,1.2,128.79467620614273,0.22951995,0.7187151603024912
423,Walgren  Doug,343.0,333,10,0.0083271,0.008408797,3.0,1.307692308,67.68851843,0.22997971,0.85727855,12,1.3076923076923077,67.68851843140273,0.22997971,0.8572785500649577
424,Walker  Robert S.,138.0,134,4,0.0033657441,0.0033419577,3.0,1.8,4.194429707,0.24664128,0.324318814,12,1.8,4.194429707230177,0.24664128,0.32431881358706516
425,Watkins  Wes,80.0,79,1,0.001994515,0.0021291506,1.0,1,0.796120118,0.23734178,0.184688888,12,1.0,0.7961201181734012,0.23734178,0.18468888849739715
426,Waxman  Henry A.,208.0,202,6,0.005061082,0.0053363517,3.0,1.545454545,14.11096328,0.28047195,0.581848881,14,1.5454545454545454,14.110963279478602,0.28047195,0.5818488806644935
427,Weber  Vin,18.0,11,7,2.9917725E-4,2.96464E-4,2.0,1.416666667,2.046824578,0.28431374,0.022988551,8,1.4166666666666667,2.046824578086345,0.28431374,0.022988550810883145
428,Weiss  Ted,245.0,238,7,0.005958614,0.0060909875,2.0,1.3,29.83181216,0.26793242,0.662909205,12,1.3,29.831812164484848,0.26793242,0.6629092048376752
429,Weldon  Curt,279.0,273,6,0.0068312143,0.0069803796,3.0,1.444444444,24.90771376,0.22677343,0.696783274,2,1.4444444444444444,24.90771376061139,0.22677343,0.6967832744873523
430,Wheat  Alan,4.0,1,3,4.9862876E-5,5.3902546E-5,3.0,1.75,0.076923077,0.33333334,0.006821642,6,1.75,0.07692307692307693,0.33333334,0.006821641672887087
431,Whittaker  Bob,108.0,104,4,0.002617801,0.0026951272,3.0,1.571428571,2.998962953,0.2729318,0.310665285,10,1.5714285714285714,2.9989629527250896,0.2729318,0.31066528541479704
432,Whitten  Jamie L.,28.0,25,3,6.482174E-4,6.4683054E-4,3.0,1.714285714,0.667376927,0.32142857,0.094528899,16,1.7142857142857142,0.6673769270752514,0.32142857,0.0945288994993265
433,Williams  Pat,244.0,241,3,0.006033408,0.006225744,3.0,1.714285714,8.445183282,0.27045807,0.688766861,10,1.7142857142857142,8.44518328204437,0.27045807,0.6887668610535652
434,Wilson  Charles,62.0,57,5,0.0014460235,0.0014553687,3.0,1.5,1.383655891,0.29666844,0.119071153,16,1.5,1.3836558913645827,0.29666844,0.11907115291500714
435,Wise  Robert E.  Jr.,55.0,51,4,0.0012964348,0.0013475636,3.0,1.625,1.068421387,0.35757574,0.128078826,6,1.625,1.0684213865158612,0.35757574,0.1280788262398855
436,Wolf  Frank R.,305.0,300,5,0.007504363,0.007654161,2.0,1.166666667,44.12254004,0.22894737,0.795556429,8,1.1666666666666667,44.12254004333489,0.22894737,0.7955564293149965
437,Wolpe  Howard E.,294.0,289,5,0.007230117,0.0073846485,2.0,1.166666667,41.30345547,0.25164264,0.823371939,10,1.1666666666666667,41.30345547376273,0.25164264,0.8233719388358793
438,Wortley  George C.,121.0,116,5,0.0029169782,0.0029376887,1.0,1,35.15117767,0.278719,0.332592043,8,1.0,35.15117766630918,0.278719,0.3325920433960174
439,Wyden  Ron,361.0,358,3,0.008950386,0.009190383,1.0,1,17.56078702,0.22503847,1,16,1.0,17.56078702070674,0.22503847,1.0
440,Wylie  Chalmers P.,320.0,318,2,0.007953129,0.008166236,1.0,1,13.18475145,0.21689852,0.874789161,8,1.0,13.184751453593838,0.21689852,0.8747891605589081
441,Yates  Sidney R.,2.0,1,1,4.9862876E-5,5.3902546E-5,2.0,1.5,0,0.5,0.002065003,16,1.5,0.0,0.5,0.0020650025516627136
442,Yatron  Gus,239.0,238,1,0.005958614,0.00614489,1.0,1,4.336750854,0.267255,0.684824061,16,1.0,4.336750853905066,0.267255,0.6848240612793222
443,Young  C.W. Bill,45.0,44,1,0.0011219147,0.001185856,1.0,1,0.234251907,0.25555557,0.124117483,16,1.0,0.23425190740980215,0.25555557,0.12411748315002305
444,Young  Don,313.0,313,0,0.007828471,0.0,0.0,0,0,0.2040018,0.768116953,16,0.0,0.0,0.2040018,0.7681169533765759
